year,municipality_id,municipality_hist_id,total_population,municipality,income_per_capita
2023.0,1,13256.0,558.0,Aeugst am Albis,54895.0
2023.0,2,11742.0,1916.0,Affoltern am Albis,33508.0
2023.0,3,11801.0,1115.0,Bonstetten,41098.0
2023.0,4,11992.0,1088.0,Hausen am Albis,43272.0
2023.0,5,12249.0,874.0,Hedingen,43887.0
2023.0,6,12671.0,356.0,Kappel am Albis,43827.0
2023.0,7,12674.0,520.0,Knonau,38521.0
2023.0,8,12738.0,179.0,Maschwanden,33784.0
2023.0,9,12433.0,1185.0,Mettmenstetten,40987.0
2023.0,10,12497.0,1288.0,Obfelden,33601.0
2023.0,11,13124.0,764.0,Ottenbach,39707.0
2023.0,12,12891.0,332.0,Rifferswil,40349.0
2023.0,13,10575.0,920.0,Stallikon,47763.0
2023.0,14,13255.0,1102.0,Wettswil am Albis,53931.0
,21,,,Adlikon,36178.0
2023.0,22,11862.0,266.0,Benken (ZH),39973.0
2023.0,23,11855.0,242.0,Berg am Irchel,59863.0
2023.0,24,15513.0,331.0,Buch am Irchel,35774.0
2023.0,25,11573.0,573.0,Dachsen,39148.0
2023.0,26,12182.0,226.0,Dorf,36457.0
2023.0,27,11973.0,794.0,Feuerthalen,35127.0
2023.0,28,11997.0,438.0,Flaach,33880.0
2023.0,29,11935.0,408.0,Flurlingen,44436.0
,30,,,Andelfingen,39295.0
2023.0,31,12240.0,562.0,Henggart,36030.0
,32,,,Humlikon,39187.0
2023.0,33,12699.0,629.0,Kleinandelfingen,36426.0
2023.0,34,12635.0,532.0,Laufen-Uhwiesen,48764.0
2023.0,35,12742.0,577.0,Marthalen,39054.0
2023.0,37,13128.0,494.0,Ossingen,34203.0
2023.0,38,12912.0,408.0,Rheinau,33057.0
2023.0,39,10563.0,294.0,Thalheim an der Thur,35678.0
2023.0,40,10898.0,377.0,Trüllikon,34465.0
2023.0,41,10899.0,159.0,Truttikon,34222.0
2023.0,43,10365.0,118.0,Volken,37565.0
2023.0,51,11683.0,642.0,Bachenbülach,36251.0
2023.0,52,11685.0,1801.0,Bassersdorf,36293.0
2023.0,53,11461.0,2384.0,Bülach,34807.0
2023.0,54,11563.0,1057.0,Dietlikon,37835.0
2023.0,55,12168.0,1125.0,Eglisau,37339.0
2023.0,56,12292.0,1588.0,Embrach,31069.0
2023.0,57,11960.0,583.0,Freienstein-Teufen,37281.0
2023.0,58,12056.0,1085.0,Glattfelden,32995.0
2023.0,59,12166.0,446.0,Hochfelden,36052.0
2023.0,60,12220.0,508.0,Höri,27144.0
2023.0,61,12178.0,361.0,Hüntwangen,40257.0
2023.0,62,12673.0,2061.0,Kloten,31967.0
2023.0,63,12720.0,536.0,Lufingen,43084.0
2023.0,64,12547.0,1146.0,Nürensdorf,48317.0
2023.0,65,12524.0,285.0,Oberembrach,41500.0
2023.0,66,12483.0,1534.0,Opfikon,32869.0
2023.0,67,13090.0,1023.0,Rafz,35362.0
2023.0,68,12919.0,658.0,Rorbas,29391.0
2023.0,69,10451.0,2057.0,Wallisellen,42118.0
2023.0,70,10443.0,198.0,Wasterkingen,36308.0
2023.0,71,10268.0,470.0,Wil (ZH),39216.0
2023.0,72,10331.0,848.0,Winkel,57382.0
2023.0,81,11704.0,186.0,Bachs,35828.0
2023.0,82,11786.0,377.0,Boppelsen,55036.0
2023.0,83,11456.0,897.0,Buchs (ZH),34373.0
2023.0,84,11578.0,580.0,Dällikon,32853.0
2023.0,85,11581.0,391.0,Dänikon,34545.0
2023.0,86,11567.0,895.0,Dielsdorf,32692.0
2023.0,87,12181.0,298.0,Hüttikon,42755.0
2023.0,88,12537.0,793.0,Neerach,59709.0
2023.0,89,12534.0,856.0,Niederglatt,33183.0
2023.0,90,12560.0,1666.0,Niederhasli,32455.0
2023.0,91,12568.0,746.0,Niederweningen,38607.0
2023.0,92,12469.0,978.0,Oberglatt,27485.0
2023.0,93,12447.0,430.0,Oberweningen,39596.0
2023.0,94,13126.0,569.0,Otelfingen,37968.0
2023.0,95,13166.0,104.0,Regensberg,48259.0
2023.0,96,13168.0,2184.0,Regensdorf,31584.0
2023.0,97,12834.0,1107.0,Rümlang,31330.0
2023.0,98,13046.0,234.0,Schleinikon,39057.0
2023.0,99,13037.0,355.0,Schöfflisdorf,43812.0
2023.0,100,10383.0,596.0,Stadel,36638.0
2023.0,101,10597.0,691.0,Steinmaur,35182.0
2023.0,102,10448.0,385.0,Weiach,31430.0
2023.0,111,11709.0,1253.0,Bäretswil,34736.0
2023.0,112,11478.0,1596.0,Bubikon,37655.0
2023.0,113,12159.0,1722.0,Dürnten,33204.0
2023.0,114,12002.0,792.0,Fischenthal,27950.0
2023.0,115,12023.0,2179.0,Gossau (ZH),37348.0
2023.0,116,11970.0,823.0,Grüningen,38986.0
2023.0,117,12156.0,2426.0,Hinwil,34267.0
2023.0,118,12883.0,2235.0,Rüti (ZH),30136.0
2023.0,119,12951.0,384.0,Seegräben,37407.0
2023.0,120,10459.0,2004.0,Wald (ZH),28335.0
2023.0,121,10277.0,3301.0,Wetzikon (ZH),31837.0
2023.0,131,11745.0,2251.0,Adliswil,42365.0
2023.0,135,12701.0,1500.0,Kilchberg (ZH),92924.0
2023.0,136,12637.0,1476.0,Langnau am Albis,43026.0
2023.0,137,12461.0,911.0,Oberrieden,60423.0
2023.0,138,12907.0,2456.0,Richterswil,42196.0
2023.0,139,12832.0,982.0,Rüschlikon,88890.0
2023.0,141,10691.0,2395.0,Thalwil,57609.0
2023.0,151,12301.0,1200.0,Erlenbach (ZH),91114.0
2023.0,152,12316.0,1434.0,Herrliberg,89425.0
2023.0,153,12143.0,1867.0,Hombrechtikon,36068.0
2023.0,154,12592.0,2895.0,Küsnacht (ZH),91415.0
2023.0,155,12754.0,1895.0,Männedorf,51191.0
2023.0,156,12408.0,2424.0,Meilen,68581.0
2023.0,157,12501.0,864.0,Oetwil am See,30131.0
2023.0,158,10363.0,2751.0,Stäfa,50649.0
2023.0,159,13259.0,1122.0,Uetikon am See,58006.0
2023.0,160,10326.0,1055.0,Zumikon,86600.0
2023.0,161,13683.0,2130.0,Zollikon,87131.0
2023.0,172,11989.0,893.0,Fehraltorf,35914.0
2023.0,173,12161.0,943.0,Hittnau,37870.0
2023.0,176,12821.0,1202.0,Lindau,40449.0
2023.0,177,13137.0,2062.0,Pfäffikon,39312.0
2023.0,178,12831.0,1262.0,Russikon,41161.0
2023.0,180,10389.0,973.0,Weisslingen,40988.0
2023.0,181,10242.0,572.0,Wila,30696.0
2023.0,182,10334.0,318.0,Wildberg,35356.0
2023.0,191,12205.0,3473.0,Dübendorf,38457.0
2023.0,192,12123.0,1803.0,Egg,44647.0
2023.0,193,12248.0,1412.0,Fällanden,42444.0
2023.0,194,12073.0,619.0,Greifensee,41964.0
2023.0,195,12620.0,2246.0,Maur,54293.0
2023.0,196,12427.0,825.0,Mönchaltorf,35091.0
2023.0,197,12956.0,639.0,Schwerzenbach,37195.0
2023.0,198,10940.0,5160.0,Uster,38595.0
2023.0,199,10368.0,2542.0,Volketswil,36462.0
2023.0,200,13250.0,1304.0,Wangen-Brüttisellen,38051.0
2023.0,211,11777.0,227.0,Altikon,37822.0
2023.0,213,11467.0,528.0,Brütten,50404.0
2023.0,214,11574.0,337.0,Dägerlen,36055.0
2023.0,215,11583.0,276.0,Dättlikon,42661.0
2023.0,216,11565.0,521.0,Dinhard,39689.0
2023.0,218,12144.0,277.0,Ellikon an der Thur,37513.0
2023.0,219,12294.0,978.0,Elsau,35628.0
2023.0,220,12001.0,326.0,Hagenbuch,33667.0
2023.0,221,12283.0,848.0,Hettlingen,45586.0
2023.0,223,15514.0,1384.0,Neftenbach,40231.0
2023.0,224,13145.0,783.0,Pfungen,32063.0
2023.0,225,12889.0,791.0,Rickenbach (ZH),33065.0
2023.0,226,14120.0,250.0,Schlatt (ZH),30934.0
2023.0,227,12977.0,1631.0,Seuzach,43099.0
2023.0,228,10857.0,1107.0,Turbenthal,27046.0
2023.0,230,10347.0,16043.0,Winterthur,32488.0
2023.0,231,10312.0,1254.0,Zell (ZH),29914.0
2023.0,241,14365.0,354.0,Aesch (ZH),53440.0
2023.0,242,13690.0,1207.0,Birmensdorf (ZH),40585.0
2023.0,243,13691.0,2552.0,Dietikon,26289.0
2023.0,244,13692.0,839.0,Geroldswil,36381.0
2023.0,245,13693.0,743.0,Oberengstringen,37265.0
2023.0,246,13694.0,433.0,Oetwil an der Limmat,49331.0
2023.0,247,13695.0,1492.0,Schlieren,29524.0
2023.0,248,13696.0,999.0,Uitikon,75434.0
2023.0,249,13697.0,627.0,Unterengstringen,44557.0
2023.0,250,13698.0,1279.0,Urdorf,35388.0
2023.0,251,13699.0,758.0,Weiningen (ZH),38380.0
2023.0,261,13688.0,37270.0,Zürich,42364.0
2023.0,291,16621.0,995.0,Stammheim,
2023.0,292,16122.0,974.0,Wädenswil,32789.0
2023.0,293,16123.0,3834.0,Elgg,42936.0
2023.0,294,16081.0,1115.0,Horgen,32489.0
2023.0,295,16080.0,3357.0,Illnau-Effretikon,48403.0
2023.0,296,15671.0,2821.0,Bauma,32201.0
2023.0,297,15653.0,1459.0,Wiesendangen,30989.0
2023.0,298,15631.0,1755.0,Aarberg,40149.0
2023.0,301,14995.0,877.0,Bargen (BE),32208.0
2023.0,302,14996.0,323.0,Grossaffoltern,27490.0
2023.0,303,14997.0,1020.0,Kallnach,32191.0
2023.0,304,16124.0,679.0,Kappelen,31065.0
2023.0,305,14999.0,381.0,Lyss,35021.0
2023.0,306,15474.0,2648.0,Meikirch,31623.0
2023.0,307,15001.0,706.0,Radelfingen,38506.0
2023.0,309,15003.0,390.0,Rapperswil (BE),32306.0
2023.0,310,15672.0,868.0,Schüpfen,34584.0
2023.0,311,15005.0,926.0,Seedorf (BE),33909.0
2023.0,312,15006.0,903.0,Aarwangen,33018.0
2023.0,321,15007.0,1202.0,Auswil,28445.0
2023.0,322,15008.0,149.0,Bannwil,23122.0
2023.0,323,15009.0,245.0,Bleienbach,29542.0
2023.0,324,15010.0,244.0,Busswil bei Melchnau,26453.0
2023.0,325,15011.0,78.0,Gondiswil,
2023.0,326,15012.0,243.0,Langenthal,22880.0
2023.0,329,16606.0,3186.0,Lotzwil,29221.0
2023.0,331,15015.0,718.0,Madiswil,26279.0
2023.0,332,15475.0,1011.0,Melchnau,26962.0
2023.0,333,15017.0,496.0,Obersteckholz,25529.0
,334,,,Oeschenbach,28076.0
2023.0,335,15019.0,88.0,Reisiswil,
2023.0,336,15020.0,63.0,Roggwil (BE),
2023.0,337,15021.0,1240.0,Rohrbach,25675.0
2023.0,338,15022.0,453.0,Rohrbachgraben,23970.0
2023.0,339,15023.0,130.0,Rütschelen,
2023.0,340,15024.0,209.0,Schwarzhäusern,23161.0
2023.0,341,15025.0,178.0,Thunstetten,30436.0
2023.0,342,15026.0,893.0,Ursenbach,27888.0
2023.0,344,15027.0,300.0,Wynau,23811.0
2023.0,345,15028.0,538.0,Bern,25599.0
2023.0,351,15029.0,14898.0,Bolligen,36370.0
2023.0,352,15030.0,1541.0,Bremgarten bei Bern,42147.0
2023.0,353,15031.0,1113.0,Kirchlindach,43896.0
2023.0,354,15032.0,798.0,Köniz,44652.0
2023.0,355,15033.0,6822.0,Muri bei Bern,34764.0
2023.0,356,15034.0,2524.0,Oberbalm,49510.0
2023.0,357,15035.0,270.0,Stettlen,28045.0
2023.0,358,15036.0,682.0,Vechigen,37572.0
2023.0,359,15037.0,1576.0,Wohlen bei Bern,35605.0
2023.0,360,15038.0,2091.0,Zollikofen,39269.0
2023.0,361,15039.0,1662.0,Ittigen,32457.0
2023.0,362,15040.0,1589.0,Ostermundigen,34279.0
2023.0,363,15041.0,1903.0,Biel/Bienne,28319.0
2023.0,371,15042.0,6783.0,Evilard,25970.0
2023.0,372,15043.0,714.0,Arch,42927.0
2023.0,381,15044.0,507.0,Büetigen,30532.0
2023.0,382,15045.0,286.0,Büren an der Aare,30226.0
2023.0,383,15046.0,885.0,Diessbach bei Büren,30285.0
2023.0,385,15048.0,310.0,Dotzigen,29762.0
2023.0,386,15049.0,410.0,Lengnau (BE),26927.0
2023.0,387,15050.0,1283.0,Leuzigen,26751.0
2023.0,388,15051.0,418.0,Meienried,27109.0
2023.0,389,15052.0,21.0,Meinisberg,
2023.0,390,15053.0,446.0,Oberwil bei Büren,28851.0
2023.0,391,15054.0,296.0,Pieterlen,27891.0
2023.0,392,15055.0,959.0,Rüti bei Büren,24020.0
2023.0,393,15056.0,285.0,Wengi,27660.0
2023.0,394,15057.0,216.0,Aefligen,31743.0
2023.0,401,15058.0,339.0,Alchenstorf,29523.0
2023.0,402,15059.0,189.0,Bäriswil,31486.0
2023.0,403,15060.0,357.0,Burgdorf,33709.0
2023.0,404,15061.0,2999.0,Ersigen,29413.0
2023.0,405,15673.0,655.0,Hasle bei Burgdorf,29976.0
2023.0,406,15063.0,888.0,Heimiswil,25122.0
2023.0,407,15064.0,543.0,Hellsau,24482.0
2023.0,408,15065.0,63.0,Hindelbank,
2023.0,409,16607.0,595.0,Höchstetten,31692.0
2023.0,410,15067.0,90.0,Kernenried,28042.0
2023.0,411,15068.0,142.0,Kirchberg (BE),30250.0
2023.0,412,15069.0,1302.0,Koppigen,33354.0
2023.0,413,15070.0,608.0,Krauchthal,30994.0
2023.0,414,15071.0,735.0,Lyssach,31672.0
2023.0,415,15072.0,395.0,Mötschwil,29594.0
,416,,,Oberburg,
2023.0,418,15075.0,684.0,Rüdtligen-Alchenflüh,24557.0
2023.0,420,15077.0,439.0,Rumendingen,27000.0
2023.0,421,15078.0,31.0,Rüti bei Lyssach,
2023.0,422,15079.0,56.0,Willadingen,
2023.0,423,15080.0,75.0,Wynigen,
2023.0,424,15081.0,655.0,Corgémont,25990.0
2023.0,431,15082.0,504.0,Cormoret,27392.0
2023.0,432,15083.0,175.0,Cortébert,27080.0
2023.0,433,15084.0,225.0,Courtelary,25772.0
2023.0,434,15085.0,464.0,La Ferrière,27368.0
2023.0,435,15086.0,207.0,Mont-Tramelan,28519.0
2023.0,437,15088.0,33.0,Orvin,
2023.0,438,15089.0,641.0,Renan (BE),30625.0
2023.0,441,15092.0,270.0,Romont (BE),24928.0
2023.0,442,15093.0,93.0,Saint-Imier,32817.0
2023.0,443,15094.0,1117.0,Sonceboz-Sombeval,24946.0
2023.0,444,15095.0,506.0,Sonvilier,26082.0
2023.0,445,15096.0,386.0,Tramelan,22993.0
2023.0,446,15097.0,1190.0,Villeret,26777.0
2023.0,448,15099.0,304.0,Sauge,27918.0
2023.0,449,15632.0,436.0,Péry-La Heutte,28601.0
2023.0,450,15658.0,581.0,Brüttelen,27768.0
2023.0,491,15100.0,205.0,Erlach,28544.0
2023.0,492,15101.0,415.0,Finsterhennen,33649.0
2023.0,493,15102.0,154.0,Gals,26073.0
2023.0,494,15103.0,257.0,Gampelen,34011.0
2023.0,495,15104.0,277.0,Ins,32120.0
2023.0,496,15105.0,882.0,Lüscherz,32063.0
2023.0,497,15106.0,274.0,Müntschemier,37413.0
2023.0,498,15107.0,385.0,Siselen,27442.0
2023.0,499,15108.0,208.0,Treiten,28775.0
2023.0,500,15109.0,143.0,Tschugg,31856.0
2023.0,501,15110.0,142.0,Vinelz,33813.0
2023.0,502,15111.0,392.0,Bätterkinden,34569.0
2023.0,533,15113.0,930.0,Deisswil bei Münchenbuchsee,30986.0
2023.0,535,15115.0,27.0,Diemerswil,
,536,,,Fraubrunnen,
2023.0,538,15633.0,1544.0,Jegenstorf,32711.0
2023.0,540,15634.0,1322.0,Iffwil,35628.0
2023.0,541,15120.0,125.0,Mattstetten,34305.0
2023.0,543,15122.0,186.0,Moosseedorf,34457.0
2023.0,544,15123.0,646.0,Münchenbuchsee,31202.0
2023.0,546,16622.0,1721.0,Urtenen-Schönbühl,31227.0
2023.0,551,15130.0,880.0,Utzenstorf,29208.0
2023.0,552,15131.0,1139.0,Wiggiswil,30336.0
2023.0,553,15132.0,30.0,Wiler bei Utzenstorf,
2023.0,554,15133.0,292.0,Zielebach,28115.0
2023.0,556,15135.0,119.0,Zuzwil (BE),29117.0
2023.0,557,15136.0,180.0,Adelboden,36317.0
2023.0,561,15137.0,1794.0,Aeschi bei Spiez,22679.0
2023.0,562,15138.0,720.0,Frutigen,27583.0
2023.0,563,15139.0,2093.0,Kandergrund,24039.0
2023.0,564,15140.0,415.0,Kandersteg,20772.0
2023.0,565,15141.0,746.0,Krattigen,27095.0
2023.0,566,15142.0,426.0,Reichenbach im Kandertal,29378.0
2023.0,567,15143.0,1656.0,Beatenberg,24550.0
2023.0,571,15144.0,723.0,Bönigen,23876.0
2023.0,572,15145.0,787.0,Brienz (BE),26528.0
2023.0,573,15146.0,1496.0,Brienzwiler,26030.0
2023.0,574,15147.0,313.0,Därligen,27443.0
2023.0,575,15148.0,180.0,Grindelwald,25533.0
2023.0,576,15149.0,2099.0,Gsteigwiler,27787.0
2023.0,577,15150.0,187.0,Gündlischwand,29245.0
2023.0,578,15151.0,144.0,Habkern,21508.0
2023.0,579,15152.0,321.0,Hofstetten bei Brienz,18332.0
2023.0,580,15153.0,262.0,Interlaken,25489.0
2023.0,581,15154.0,1011.0,Iseltwald,28242.0
2023.0,582,15155.0,287.0,Lauterbrunnen,25636.0
2023.0,584,15156.0,1518.0,Leissigen,24963.0
2023.0,585,15157.0,472.0,Lütschental,30396.0
2023.0,586,15158.0,131.0,Matten bei Interlaken,22613.0
2023.0,587,15159.0,857.0,Niederried bei Interlaken,27587.0
2023.0,588,15160.0,205.0,Oberried am Brienzersee,27454.0
2023.0,589,15161.0,244.0,Ringgenberg (BE),30425.0
2023.0,590,15162.0,950.0,Saxeten,28594.0
2023.0,591,15163.0,90.0,Schwanden bei Brienz,
2023.0,592,15164.0,264.0,Unterseen,29596.0
2023.0,593,15165.0,1340.0,Wilderswil,32028.0
2023.0,594,15166.0,839.0,Arni (BE),26220.0
2023.0,602,15167.0,287.0,Biglen,25255.0
2023.0,603,15168.0,440.0,Bowil,29258.0
2023.0,605,15170.0,413.0,Brenzikofen,23804.0
2023.0,606,15171.0,148.0,Freimettigen,30911.0
2023.0,607,15172.0,94.0,Grosshöchstetten,27594.0
2023.0,608,16082.0,965.0,Häutligen,31238.0
2023.0,609,15174.0,70.0,Herbligen,
2023.0,610,15175.0,171.0,Kiesen,28235.0
2023.0,611,15176.0,235.0,Konolfingen,31933.0
2023.0,612,15177.0,1120.0,Landiswil,32008.0
2023.0,613,15178.0,205.0,Linden,
2023.0,614,15179.0,402.0,Mirchel,23280.0
2023.0,615,15180.0,169.0,Münsingen,26385.0
2023.0,616,15688.0,2500.0,Niederhünigen,34656.0
2023.0,617,15182.0,160.0,Oberdiessbach,28611.0
2023.0,619,15635.0,956.0,Oberthal,30420.0
2023.0,620,15183.0,254.0,Oppligen,24965.0
2023.0,622,15184.0,176.0,Rubigen,30994.0
2023.0,623,15185.0,757.0,Walkringen,36542.0
2023.0,626,15188.0,570.0,Worb,26176.0
2023.0,627,15189.0,2336.0,Zäziwil,31682.0
2023.0,628,15190.0,430.0,Oberhünigen,27326.0
2023.0,629,15191.0,93.0,Allmendingen,
2023.0,630,15192.0,168.0,Wichtrach,44519.0
2023.0,632,15194.0,930.0,Clavaleyres,31801.0
,661,,,Ferenbalm,
2023.0,662,15196.0,412.0,Frauenkappelen,30627.0
2023.0,663,15197.0,331.0,Gurbrü,36324.0
2023.0,665,15199.0,80.0,Kriechenwil,28696.0
2023.0,666,15200.0,141.0,Laupen,29316.0
2023.0,667,15201.0,705.0,Mühleberg,31955.0
2023.0,668,15202.0,875.0,Münchenwiler,34815.0
2023.0,669,15203.0,182.0,Neuenegg,30066.0
2023.0,670,15204.0,1290.0,Wileroltigen,30693.0
2023.0,671,15205.0,122.0,Belprahon,
2023.0,681,15206.0,130.0,Champoz,32112.0
2023.0,683,15208.0,79.0,Corcelles (BE),
2023.0,687,15210.0,84.0,Court,
2023.0,690,15211.0,446.0,Crémines,25371.0
2023.0,691,15212.0,208.0,Eschert,26963.0
2023.0,692,15213.0,130.0,Grandval,26269.0
2023.0,694,15214.0,151.0,Loveresse,25824.0
2023.0,696,15215.0,130.0,Moutier,28894.0
2023.0,700,15218.0,1617.0,Perrefitte,24632.0
2023.0,701,15219.0,180.0,Reconvilier,27397.0
2023.0,703,15221.0,634.0,Roches (BE),22841.0
2023.0,704,15222.0,84.0,Saicourt,28146.0
2023.0,706,15223.0,240.0,Saules (BE),23288.0
2023.0,707,15224.0,74.0,Schelten,
2023.0,708,15225.0,15.0,Seehof,
2023.0,709,15226.0,25.0,Sorvilier,
2023.0,711,15228.0,111.0,Tavannes,25696.0
2023.0,713,15230.0,770.0,Rebévelier,24198.0
2023.0,715,15231.0,15.0,Petit-Val,
2023.0,716,15662.0,177.0,Valbirse,22203.0
2023.0,717,15661.0,1044.0,La Neuveville,25406.0
2023.0,723,15234.0,882.0,Nods,37851.0
2023.0,724,15235.0,314.0,Plateau de Diesse,30777.0
2023.0,726,15636.0,772.0,Aegerten,29699.0
2023.0,731,15237.0,514.0,Bellmund,27812.0
2023.0,732,15238.0,477.0,Brügg,43872.0
2023.0,733,15239.0,752.0,Bühl,26058.0
2023.0,734,15240.0,160.0,Epsach,40098.0
2023.0,735,15241.0,109.0,Hagneck,28684.0
2023.0,736,15242.0,149.0,Hermrigen,30223.0
2023.0,737,15243.0,122.0,Jens,32571.0
2023.0,738,15244.0,244.0,Ipsach,34619.0
2023.0,739,15245.0,706.0,Ligerz,35364.0
2023.0,740,15246.0,222.0,Merzligen,43816.0
2023.0,741,15247.0,147.0,Mörigen,38577.0
2023.0,742,15248.0,304.0,Nidau,53851.0
2023.0,743,15249.0,927.0,Orpund,27173.0
2023.0,744,15250.0,649.0,Port,27483.0
2023.0,745,15251.0,845.0,Safnern,36230.0
2023.0,746,15252.0,574.0,Scheuren,31273.0
2023.0,747,15253.0,180.0,Schwadernau,32154.0
2023.0,748,15254.0,216.0,Studen (BE),31058.0
2023.0,749,15255.0,564.0,Sutz-Lattrigen,26638.0
2023.0,750,15256.0,414.0,Täuffelen,35646.0
2023.0,751,15257.0,786.0,Walperswil,34331.0
2023.0,754,15258.0,314.0,Worben,31354.0
2023.0,755,15259.0,552.0,Twann-Tüscherz,31520.0
2023.0,756,14978.0,480.0,Därstetten,39549.0
2023.0,761,15260.0,322.0,Diemtigen,23058.0
2023.0,762,15261.0,1121.0,Erlenbach im Simmental,23891.0
2023.0,763,15262.0,668.0,Oberwil im Simmental,26128.0
2023.0,766,15265.0,343.0,Reutigen,20415.0
2023.0,767,15266.0,307.0,Spiez,27070.0
2023.0,768,15267.0,3456.0,Wimmis,33051.0
2023.0,769,15268.0,725.0,Stocken-Höfen,24670.0
2023.0,770,15637.0,342.0,Guttannen,
2023.0,782,15270.0,130.0,Hasliberg,27342.0
2023.0,783,15271.0,792.0,Innertkirchen,20483.0
2023.0,784,15638.0,714.0,Meiringen,26533.0
2023.0,785,15273.0,1518.0,Schattenhalb,28610.0
2023.0,786,15274.0,268.0,Boltigen,26588.0
2023.0,791,15275.0,596.0,Lenk,20667.0
2023.0,792,15276.0,1750.0,St. Stephan,25198.0
2023.0,793,15277.0,694.0,Zweisimmen,21239.0
2023.0,794,15278.0,1155.0,Gsteig,26976.0
2023.0,841,15279.0,428.0,Lauenen,28394.0
2023.0,842,15280.0,413.0,Saanen,29566.0
2023.0,843,15281.0,3160.0,Guggisberg,58304.0
2023.0,852,15283.0,675.0,Rüschegg,19707.0
2023.0,853,15284.0,763.0,Schwarzenburg,26030.0
2023.0,855,15476.0,1867.0,Belp,28555.0
2023.0,861,15498.0,2004.0,Burgistein,33572.0
2023.0,863,15288.0,405.0,Gerzensee,29917.0
2023.0,866,15290.0,367.0,Gurzelen,39830.0
2023.0,867,15291.0,237.0,Jaberg,25508.0
2023.0,868,15292.0,98.0,Kaufdorf,
2023.0,869,15293.0,317.0,Kehrsatz,30105.0
2023.0,870,15294.0,762.0,Kirchdorf (BE),31444.0
2023.0,872,16083.0,539.0,Niedermuhlern,33254.0
2023.0,877,15301.0,159.0,Riggisberg,
2023.0,879,16608.0,902.0,Rüeggisberg,28885.0
2023.0,880,15304.0,653.0,Rümligen,25212.0
,881,,,Seftigen,
2023.0,883,15306.0,558.0,Toffen,29505.0
2023.0,884,15307.0,629.0,Uttigen,34420.0
2023.0,885,15639.0,541.0,Wattenwil,32361.0
2023.0,886,15309.0,826.0,Wald (BE),25799.0
2023.0,888,15310.0,389.0,Thurnen,34412.0
2023.0,889,16128.0,558.0,Eggiwil,30246.0
2023.0,901,15311.0,799.0,Langnau im Emmental,18871.0
2023.0,902,15312.0,2143.0,Lauperswil,26579.0
2023.0,903,15313.0,773.0,Röthenbach im Emmental,24219.0
2023.0,904,15314.0,369.0,Rüderswil,20598.0
2023.0,905,15315.0,685.0,Schangnau,24726.0
2023.0,906,15316.0,321.0,Signau,17980.0
2023.0,907,15317.0,717.0,Trub,24184.0
2023.0,908,15318.0,472.0,Trubschachen,16172.0
2023.0,909,15319.0,396.0,Amsoldingen,20601.0
2023.0,921,15320.0,257.0,Blumenstein,32399.0
2023.0,922,15321.0,371.0,Buchholterberg,26358.0
2023.0,923,15322.0,471.0,Eriz,25366.0
2023.0,924,15323.0,229.0,Fahrni,21382.0
2023.0,925,15324.0,226.0,Heiligenschwendi,29039.0
2023.0,927,15325.0,234.0,Heimberg,25442.0
2023.0,928,15326.0,1333.0,Hilterfingen,30290.0
2023.0,929,15327.0,1153.0,Homberg,46440.0
2023.0,931,15329.0,141.0,Horrenbach-Buchen,
2023.0,932,15330.0,105.0,Oberhofen am Thunersee,
2023.0,934,15331.0,756.0,Oberlangenegg,43301.0
2023.0,935,15332.0,146.0,Pohlern,
2023.0,936,15333.0,78.0,Sigriswil,26807.0
2023.0,938,15335.0,1804.0,Steffisburg,33396.0
2023.0,939,16129.0,3355.0,Teuffenthal (BE),31774.0
2023.0,940,15337.0,62.0,Thierachern,
2023.0,941,15338.0,608.0,Thun,29479.0
2023.0,942,15339.0,7580.0,Uebeschi,32038.0
2023.0,943,15340.0,207.0,Uetendorf,25056.0
2023.0,944,15341.0,1453.0,Unterlangenegg,30408.0
2023.0,945,15342.0,316.0,Wachseldorn,24386.0
2023.0,946,15343.0,73.0,Zwieselberg,
2023.0,947,15344.0,96.0,Forst-Längenbühl,
2023.0,948,15345.0,207.0,Affoltern im Emmental,27903.0
2023.0,951,15346.0,374.0,Dürrenroth,24317.0
2023.0,952,15347.0,379.0,Eriswil,21190.0
2023.0,953,15348.0,445.0,Huttwil,20666.0
2023.0,954,15349.0,1323.0,Lützelflüh,24195.0
2023.0,955,15350.0,1204.0,Rüegsau,25645.0
2023.0,956,15351.0,833.0,Sumiswald,27312.0
2023.0,957,15352.0,1490.0,Trachselwald,23686.0
2023.0,958,15353.0,347.0,Walterswil (BE),22250.0
2023.0,959,15354.0,168.0,Wyssachen,24689.0
2023.0,960,15355.0,381.0,Attiswil,19764.0
2023.0,971,15356.0,480.0,Berken,31516.0
2023.0,972,15357.0,19.0,Bettenhausen,
2023.0,973,15477.0,234.0,Farnern,29161.0
2023.0,975,15360.0,107.0,Graben,29041.0
2023.0,976,15361.0,109.0,Heimenhausen,25857.0
2023.0,977,15362.0,369.0,Herzogenbuchsee,29230.0
2023.0,979,15364.0,1670.0,Inkwil,27973.0
2023.0,980,15365.0,258.0,Niederbipp,29941.0
2023.0,981,16130.0,1365.0,Niederönz,27550.0
2023.0,982,15367.0,432.0,Oberbipp,29339.0
2023.0,983,15368.0,522.0,Ochlenberg,31511.0
2023.0,985,15369.0,214.0,Rumisberg,23405.0
2023.0,987,15370.0,207.0,Seeberg,31132.0
2023.0,988,15674.0,568.0,Thörigen,27593.0
2023.0,989,15372.0,333.0,Walliswil bei Niederbipp,28025.0
2023.0,990,15373.0,77.0,Walliswil bei Wangen,
2023.0,991,15374.0,224.0,Wangen an der Aare,32857.0
2023.0,992,15375.0,596.0,Wangenried,32449.0
2023.0,993,15376.0,142.0,Wiedlisbach,29591.0
2023.0,995,15377.0,685.0,Doppleschwand,28813.0
2023.0,1001,15557.0,207.0,Entlebuch,23715.0
2023.0,1002,15561.0,913.0,Flühli,25457.0
2023.0,1004,15543.0,1203.0,Hasle (LU),21145.0
2023.0,1005,15547.0,529.0,Romoos,22922.0
2023.0,1007,15582.0,225.0,Schüpfheim,17433.0
2023.0,1008,15585.0,1063.0,Werthenstein,23864.0
2023.0,1009,15522.0,478.0,Escholzmatt-Marbach,22609.0
2023.0,1010,15518.0,1402.0,Aesch (LU),21708.0
2023.0,1021,15539.0,390.0,Altwis,35582.0
,1022,,,Ballwil,
2023.0,1023,15536.0,532.0,Emmen,32968.0
2023.0,1024,15563.0,3183.0,Ermensee,25232.0
2023.0,1025,15564.0,274.0,Eschenbach (LU),31695.0
2023.0,1026,15560.0,676.0,Hitzkirch,34665.0
2023.0,1030,16590.0,1542.0,Hochdorf,31778.0
2023.0,1031,15556.0,1439.0,Hohenrain,28312.0
2023.0,1032,15597.0,679.0,Inwil,29875.0
2023.0,1033,15574.0,486.0,Rain,32985.0
2023.0,1037,15590.0,541.0,Römerswil,35483.0
2023.0,1039,15592.0,435.0,Rothenburg,27643.0
2023.0,1040,15579.0,1395.0,Schongau,33185.0
2023.0,1041,15586.0,303.0,Adligenswil,31212.0
2023.0,1051,15538.0,1174.0,Buchrain,38035.0
2023.0,1052,15532.0,1048.0,Dierikon,32981.0
2023.0,1053,15535.0,209.0,Ebikon,29919.0
2023.0,1054,15552.0,1975.0,Gisikon,30762.0
2023.0,1055,15550.0,269.0,Greppen,40601.0
2023.0,1056,15551.0,303.0,Honau,39015.0
2023.0,1057,15558.0,117.0,Horw,36795.0
2023.0,1058,15559.0,2139.0,Kriens,52350.0
2023.0,1059,15576.0,3319.0,Luzern,31750.0
2023.0,1061,15600.0,7672.0,Malters,36474.0
2023.0,1062,15578.0,1344.0,Meggen,29960.0
2023.0,1063,15568.0,1453.0,Meierskappel,73219.0
2023.0,1064,15567.0,385.0,Root,39058.0
2023.0,1065,15581.0,749.0,Schwarzenberg,29969.0
2023.0,1066,15584.0,589.0,Udligenswil,29196.0
2023.0,1067,15530.0,573.0,Vitznau,41697.0
2023.0,1068,15526.0,427.0,Weggis,47088.0
2023.0,1069,15528.0,1273.0,Beromünster,53010.0
2023.0,1081,15663.0,1537.0,Büron,28399.0
2023.0,1082,15534.0,492.0,Buttisholz,27363.0
2023.0,1083,15533.0,724.0,Eich,28662.0
2023.0,1084,15554.0,411.0,Geuensee,53750.0
2023.0,1085,15548.0,546.0,Grosswangen,28006.0
2023.0,1086,15545.0,721.0,Hildisrieden,27113.0
2023.0,1088,15562.0,524.0,Knutwil,42983.0
2023.0,1089,15575.0,578.0,Mauensee,36903.0
2023.0,1091,15573.0,360.0,Neuenkirch,47004.0
2023.0,1093,15570.0,1278.0,Nottwil,30688.0
2023.0,1094,15572.0,777.0,Oberkirch,33261.0
2023.0,1095,15569.0,712.0,Rickenbach (LU),37968.0
2023.0,1097,15520.0,814.0,Ruswil,26246.0
2023.0,1098,15580.0,1403.0,Schenkon,27527.0
2023.0,1099,15664.0,573.0,Schlierbach,47875.0
2023.0,1100,15588.0,239.0,Sempach,30889.0
2023.0,1102,15587.0,773.0,Sursee,38428.0
2023.0,1103,15529.0,1323.0,Triengen,34587.0
2023.0,1104,15599.0,1026.0,Wolhusen,27320.0
2023.0,1107,15525.0,792.0,Alberswil,24145.0
2023.0,1121,15537.0,177.0,Altbüron,28296.0
2023.0,1122,15540.0,274.0,Altishofen,29583.0
2023.0,1123,16131.0,420.0,Dagmersellen,29131.0
2023.0,1125,15593.0,1150.0,Egolzwil,29703.0
2023.0,1127,15555.0,354.0,Ettiswil,34058.0
2023.0,1128,15594.0,627.0,Fischbach,26964.0
2023.0,1129,15546.0,189.0,Gettnau,23247.0
,1130,,,Grossdietwil,21110.0
2023.0,1131,15544.0,248.0,Hergiswil bei Willisau,28126.0
2023.0,1132,15565.0,475.0,Luthern,21229.0
2023.0,1135,15577.0,362.0,Menznau,19177.0
2023.0,1136,15566.0,658.0,Nebikon,23964.0
2023.0,1137,15571.0,494.0,Pfaffnau,28505.0
2023.0,1139,15591.0,661.0,Reiden,29932.0
2023.0,1140,15596.0,1432.0,Roggliswil,26479.0
2023.0,1142,15583.0,205.0,Schötz,26933.0
2023.0,1143,15521.0,928.0,Ufhusen,25395.0
2023.0,1145,15531.0,255.0,Wauwil,25719.0
2023.0,1146,15527.0,419.0,Wikon,28733.0
2023.0,1147,15523.0,379.0,Zell (LU),30141.0
2023.0,1150,15524.0,494.0,Willisau,25183.0
2023.0,1151,16591.0,1788.0,Altdorf (UR),27634.0
2023.0,1201,11773.0,1743.0,Andermatt,32989.0
2023.0,1202,11784.0,421.0,Attinghausen,41621.0
2023.0,1203,11678.0,500.0,Bauen,28858.0
,1204,,,Bürglen (UR),37589.0
2023.0,1205,11506.0,1091.0,Erstfeld,27996.0
2023.0,1206,12238.0,957.0,Flüelen,24875.0
2023.0,1207,11940.0,412.0,Göschenen,35495.0
2023.0,1208,12032.0,170.0,Gurtnellen,24503.0
2023.0,1209,11941.0,364.0,Hospental,22936.0
2023.0,1210,12213.0,102.0,Isenthal,23878.0
2023.0,1211,12661.0,236.0,Realp,17098.0
2023.0,1212,13165.0,93.0,Schattdorf,35354.0
2023.0,1213,13055.0,1278.0,Seedorf (UR),29185.0
2023.0,1214,16592.0,572.0,Seelisberg,26867.0
2023.0,1215,12950.0,336.0,Silenen,29843.0
2023.0,1216,12985.0,765.0,Sisikon,24728.0
2023.0,1217,12981.0,140.0,Spiringen,28289.0
2023.0,1218,10364.0,509.0,Unterschächen,19090.0
2023.0,1219,10869.0,438.0,Wassen,19919.0
2023.0,1220,10442.0,259.0,Einsiedeln,22553.0
2023.0,1301,12152.0,3658.0,Gersau,34921.0
2023.0,1311,12033.0,688.0,Feusisberg,36145.0
2023.0,1321,12007.0,1014.0,Freienbach,143759.0
2023.0,1322,11961.0,2397.0,Wollerau,95088.0
2023.0,1323,10314.0,1515.0,Küssnacht (SZ),146012.0
2023.0,1331,14470.0,2339.0,Altendorf,54210.0
2023.0,1341,11774.0,1362.0,Galgenen,62541.0
2023.0,1342,12075.0,1125.0,Innerthal,41204.0
2023.0,1343,12658.0,161.0,Lachen,28424.0
2023.0,1344,12607.0,1228.0,Reichenburg,52738.0
2023.0,1345,13181.0,852.0,Schübelbach,33159.0
2023.0,1346,12968.0,1670.0,Tuggen,30773.0
2023.0,1347,10859.0,698.0,Vorderthal,38470.0
2023.0,1348,10371.0,367.0,Wangen (SZ),29544.0
2023.0,1349,10471.0,1265.0,Alpthal,38966.0
2023.0,1361,11778.0,283.0,Arth,36919.0
2023.0,1362,11670.0,2194.0,Illgau,31563.0
2023.0,1363,12192.0,192.0,Ingenbohl,21281.0
2023.0,1364,12657.0,1276.0,Lauerz,36366.0
2023.0,1365,12634.0,334.0,Morschach,29815.0
2023.0,1366,12371.0,480.0,Muotathal,28538.0
2023.0,1367,12362.0,1073.0,Oberiberg,24999.0
2023.0,1368,12475.0,441.0,Riemenstalden,36962.0
2023.0,1369,12894.0,36.0,Rothenthurm,
2023.0,1370,12853.0,559.0,Sattel,26065.0
2023.0,1371,13022.0,639.0,Schwyz,36200.0
2023.0,1372,12955.0,2879.0,Steinen,35576.0
2023.0,1373,10594.0,704.0,Steinerberg,31256.0
2023.0,1374,10571.0,241.0,Unteriberg,31310.0
2023.0,1375,10865.0,764.0,Alpnach,29533.0
2023.0,1401,11753.0,1114.0,Engelberg,31162.0
2023.0,1402,12287.0,1505.0,Giswil,67669.0
2023.0,1403,12063.0,1190.0,Kerns,27275.0
2023.0,1404,12688.0,1413.0,Lungern,29368.0
2023.0,1405,12718.0,917.0,Sachseln,31131.0
2023.0,1406,12859.0,1109.0,Sarnen,33378.0
2023.0,1407,13009.0,2320.0,Beckenried,46324.0
2023.0,1501,11792.0,824.0,Buochs,40141.0
2023.0,1502,11465.0,869.0,Dallenwil,34131.0
2023.0,1503,11568.0,535.0,Emmetten,29802.0
2023.0,1504,12290.0,594.0,Ennetbürgen,38354.0
2023.0,1505,12276.0,864.0,Ennetmoos,45533.0
2023.0,1506,12275.0,488.0,Hergiswil (NW),31124.0
2023.0,1507,12300.0,942.0,Oberdorf (NW),98061.0
2023.0,1508,12556.0,543.0,Stans,32102.0
2023.0,1509,10576.0,1135.0,Stansstad,37866.0
2023.0,1510,10577.0,687.0,Wolfenschiessen,49222.0
2023.0,1511,10357.0,586.0,Glarus Nord,25436.0
2023.0,1630,15479.0,5307.0,Glarus Süd,29151.0
2023.0,1631,15478.0,5085.0,Glarus,28062.0
2023.0,1632,15480.0,3642.0,Baar,30018.0
2023.0,1701,11711.0,2684.0,Cham,54732.0
2023.0,1702,11397.0,1940.0,Hünenberg,49618.0
2023.0,1703,12176.0,1459.0,Menzingen,57666.0
2023.0,1704,12389.0,798.0,Neuheim,37293.0
2023.0,1705,12517.0,460.0,Oberägeri,52082.0
2023.0,1706,12551.0,1215.0,Risch,71763.0
2023.0,1707,12931.0,1181.0,Steinhausen,53239.0
2023.0,1708,10598.0,1022.0,Unterägeri,43920.0
2023.0,1709,10844.0,1502.0,Walchwil,49036.0
2023.0,1710,10457.0,832.0,Zug,85651.0
2023.0,1711,10323.0,3096.0,Châtillon (FR),85013.0
2023.0,2008,11419.0,187.0,Cheiry,35698.0
,2009,,,Cugy (FR),25426.0
2023.0,2011,14510.0,486.0,Fétigny,28332.0
2023.0,2016,11974.0,271.0,Gletterens,27147.0
2023.0,2022,12055.0,499.0,Lully (FR),31384.0
2023.0,2025,14526.0,341.0,Ménières,27244.0
2023.0,2027,12387.0,132.0,Montagny (FR),29043.0
2023.0,2029,14475.0,733.0,Nuvilly,27756.0
2023.0,2035,12549.0,160.0,Prévondavaux,25763.0
2023.0,2038,13105.0,27.0,Saint-Aubin (FR),
2023.0,2041,13702.0,516.0,Sévaz,30398.0
2023.0,2043,12991.0,82.0,Surpierre,29589.0
2023.0,2044,16593.0,397.0,Vallon,27888.0
2023.0,2045,10944.0,130.0,Les Montets,28298.0
2023.0,2050,14474.0,469.0,Delley-Portalban,28022.0
2023.0,2051,14511.0,651.0,Belmont-Broye,35999.0
2023.0,2053,15675.0,1371.0,Estavayer,27575.0
2023.0,2054,15689.0,2575.0,Cheyres-Châbles,30005.0
2023.0,2055,15690.0,1068.0,Auboranges,35839.0
2023.0,2061,11680.0,97.0,Billens-Hennens,34236.0
2023.0,2063,14103.0,189.0,Chapelle (Glâne),27932.0
2023.0,2066,11444.0,96.0,Le Châtelard,30129.0
2023.0,2067,12611.0,116.0,Châtonnaye,26906.0
2023.0,2068,11420.0,198.0,Ecublens (FR),26038.0
2023.0,2072,13211.0,118.0,Grangettes,34330.0
2023.0,2079,12113.0,61.0,Massonnens,24349.0
2023.0,2086,12734.0,166.0,Mézières (FR),26017.0
2023.0,2087,14476.0,307.0,Montet (Glâne),29033.0
2023.0,2089,12340.0,146.0,Romont (FR),29948.0
2023.0,2096,13663.0,813.0,Rue,25433.0
2023.0,2097,14140.0,477.0,Siviriez,30465.0
2023.0,2099,14477.0,647.0,Ursy,28257.0
2023.0,2102,15500.0,820.0,Vuisternens-devant-Romont,29746.0
2023.0,2113,14480.0,663.0,Villorsonnens,27532.0
2023.0,2114,14137.0,455.0,Torny,28239.0
2023.0,2115,14478.0,290.0,Villaz,28422.0
2023.0,2117,16132.0,610.0,Haut-Intyamon,27490.0
2023.0,2121,14362.0,666.0,Pont-en-Ogoz,23996.0
2023.0,2122,14368.0,615.0,Botterens,34452.0
2023.0,2123,14530.0,209.0,Broc,28415.0
2023.0,2124,11871.0,563.0,Bulle,26967.0
2023.0,2125,14528.0,2979.0,Châtel-sur-Montsalvens,27017.0
2023.0,2128,11424.0,136.0,Corbières,30632.0
2023.0,2129,15481.0,340.0,Crésuz,30953.0
2023.0,2130,11533.0,244.0,Echarlens,44892.0
2023.0,2131,12135.0,213.0,Grandvillard,33449.0
2023.0,2134,12106.0,288.0,Gruyères,30786.0
2023.0,2135,11958.0,767.0,Hauteville,29495.0
2023.0,2137,12247.0,266.0,Jaun,29509.0
2023.0,2138,12668.0,318.0,Marsens,20688.0
2023.0,2140,14135.0,567.0,Morlon,31823.0
2023.0,2143,12369.0,184.0,Le Pâquier (FR),37044.0
2023.0,2145,12618.0,379.0,Pont-la-Ville,32250.0
2023.0,2147,13080.0,209.0,Riaz,35449.0
2023.0,2148,12909.0,694.0,La Roche,31667.0
2023.0,2149,12574.0,574.0,Sâles,29577.0
2023.0,2152,14138.0,429.0,Sorens,29135.0
2023.0,2153,10416.0,326.0,Vaulruz,30240.0
2023.0,2155,10906.0,281.0,Vuadens,28616.0
2023.0,2160,10373.0,635.0,Bas-Intyamon,28609.0
2023.0,2162,14479.0,497.0,Val-de-Charmey,25751.0
2023.0,2163,15640.0,1036.0,Arconciel,31786.0
,2171,,,Autigny,30495.0
2023.0,2173,11657.0,216.0,Avry,30913.0
2023.0,2174,14143.0,492.0,Belfaux,36294.0
2023.0,2175,15676.0,648.0,Chénens,27513.0
2023.0,2177,11502.0,234.0,Corminboeuf,28141.0
2023.0,2183,15692.0,766.0,Cottens (FR),40097.0
2023.0,2186,11540.0,382.0,Ependes (FR),29351.0
,2189,,,Ferpicloz,28052.0
2023.0,2194,11978.0,84.0,Fribourg,33304.0
2023.0,2196,11954.0,3354.0,Givisiez,28458.0
2023.0,2197,12060.0,376.0,Granges-Paccot,30109.0
2023.0,2198,12111.0,458.0,Grolley,27904.0
2023.0,2200,14129.0,485.0,Marly,27662.0
2023.0,2206,13249.0,1447.0,Matran,29209.0
2023.0,2208,12744.0,396.0,Neyruz (FR),31964.0
2023.0,2211,12521.0,676.0,Pierrafortscha,32320.0
2023.0,2216,13141.0,46.0,Ponthaux,44879.0
2023.0,2217,13662.0,229.0,Le Mouret,25827.0
2023.0,2220,14369.0,1009.0,Senèdes,29591.0
,2225,,,Treyvaux,25505.0
2023.0,2226,10889.0,475.0,Villars-sur-Glâne,27623.0
2023.0,2228,10162.0,1408.0,Villarsel-sur-Marly,32608.0
2023.0,2230,10165.0,21.0,Hauterive (FR),
2023.0,2233,14141.0,613.0,La Brillaz,29889.0
2023.0,2234,14136.0,555.0,La Sonnaz,31627.0
2023.0,2235,14481.0,366.0,Gibloux,31048.0
2023.0,2236,15677.0,2083.0,Prez,29959.0
2023.0,2237,16133.0,669.0,Courgevaux,29640.0
2023.0,2238,16594.0,641.0,Courtepin,
2023.0,2250,11534.0,345.0,Cressier (FR),32077.0
2023.0,2254,15693.0,1395.0,Fräschels,26456.0
2023.0,2257,11522.0,278.0,Galmiz,32670.0
2023.0,2258,11969.0,159.0,Gempenach,32615.0
,2259,,,Greng,30658.0
,2260,,,Gurmels,38174.0
2023.0,2261,12078.0,73.0,Kerzers,81652.0
2023.0,2262,14514.0,1347.0,Kleinbösingen,30257.0
2023.0,2265,12689.0,1011.0,Meyriez,30746.0
2023.0,2266,12700.0,221.0,Misery-Courtion,38616.0
2023.0,2271,12437.0,210.0,Muntelier,44387.0
2023.0,2272,14096.0,538.0,Murten,25336.0
2023.0,2274,12361.0,304.0,Ried bei Kerzers,51331.0
2023.0,2275,16614.0,2215.0,Ulmiz,35058.0
2023.0,2276,14529.0,326.0,Mont-Vully,33425.0
2023.0,2278,10856.0,155.0,Alterswil,32435.0
2023.0,2284,15679.0,1607.0,Brünisried,42845.0
,2291,,,Düdingen,28852.0
2023.0,2292,11473.0,273.0,Giffers,29772.0
2023.0,2293,12204.0,1802.0,Bösingen,32751.0
2023.0,2294,12024.0,534.0,Heitenried,27692.0
2023.0,2295,13193.0,804.0,Plaffeien,32297.0
2023.0,2296,12260.0,380.0,Plasselb,29134.0
2023.0,2299,15694.0,1410.0,Rechthalten,27166.0
2023.0,2300,13218.0,415.0,St. Antoni,29429.0
2023.0,2301,13175.0,377.0,St. Silvester,33165.0
,2302,,,St. Ursen,30264.0
2023.0,2303,10378.0,359.0,Schmitten (FR),26623.0
2023.0,2304,10380.0,406.0,Tafers,27639.0
2023.0,2305,13041.0,984.0,Tentlingen,29911.0
2023.0,2306,16595.0,2079.0,Ueberstorf,31484.0
2023.0,2307,10559.0,396.0,Wünnewil-Flamatt,29070.0
2023.0,2308,10848.0,690.0,Attalens,33055.0
2023.0,2309,13232.0,1184.0,Bossonnens,28078.0
2023.0,2321,11676.0,911.0,Châtel-Saint-Denis,34642.0
2023.0,2323,11799.0,344.0,Granges (Veveyse),28939.0
2023.0,2325,11426.0,1731.0,Remaufens,32473.0
2023.0,2328,12120.0,290.0,Saint-Martin (FR),32776.0
2023.0,2333,13172.0,294.0,Semsales,33616.0
2023.0,2335,14484.0,326.0,Le Flon,29591.0
2023.0,2336,13207.0,461.0,La Verrerie,28092.0
2023.0,2337,14482.0,334.0,Egerkingen,26802.0
2023.0,2338,14483.0,347.0,Härkingen,25805.0
2023.0,2401,13703.0,749.0,Kestenholz,29423.0
2023.0,2402,13704.0,423.0,Neuendorf,34340.0
2023.0,2403,13705.0,564.0,Niederbuchsiten,32671.0
2023.0,2404,13706.0,572.0,Oberbuchsiten,32010.0
2023.0,2405,13707.0,320.0,Oensingen,31508.0
2023.0,2406,13708.0,605.0,Wolfwil,31129.0
2023.0,2407,13709.0,1102.0,Aedermannsdorf,29167.0
2023.0,2408,13710.0,798.0,Balsthal,31728.0
2023.0,2421,13711.0,211.0,Gänsbrunnen,28883.0
2023.0,2422,13712.0,1682.0,Herbetswil,27428.0
,2423,,,Holderbank (SO),
2023.0,2424,13714.0,197.0,Laupersdorf,27214.0
2023.0,2425,13715.0,248.0,Matzendorf,29653.0
2023.0,2426,13716.0,582.0,Mümliswil-Ramiswil,26981.0
2023.0,2427,13717.0,470.0,Welschenrohr,30435.0
2023.0,2428,13718.0,826.0,Biezwil,28943.0
,2429,,,Lüterkofen-Ichertswil,26649.0
2023.0,2430,16596.0,446.0,Lüterswil-Gächliwil,
2023.0,2445,11911.0,128.0,Messen,32283.0
2023.0,2455,13187.0,308.0,Schnottwil,38376.0
2023.0,2456,14067.0,135.0,Unterramsern,36941.0
2023.0,2457,15380.0,481.0,Lüsslingen-Nennigkofen,33851.0
2023.0,2461,13039.0,352.0,Buchegg,36276.0
2023.0,2463,10868.0,86.0,Bättwil,
2023.0,2464,15602.0,367.0,Büren (SO),35612.0
2023.0,2465,15642.0,902.0,Dornach,36594.0
2023.0,2471,11696.0,385.0,Gempen,36876.0
2023.0,2472,11510.0,357.0,Hochwald,35779.0
2023.0,2473,12219.0,1705.0,Hofstetten-Flüh,44638.0
2023.0,2474,12103.0,333.0,Metzerlen-Mariastein,40295.0
2023.0,2475,12134.0,509.0,Nuglar-St. Pantaleon,47586.0
2023.0,2476,13684.0,1139.0,Rodersdorf,44933.0
2023.0,2477,14469.0,372.0,Seewen,39050.0
2023.0,2478,12545.0,587.0,Witterswil,39745.0
2023.0,2479,12940.0,617.0,Hauenstein-Ifenthal,41836.0
2023.0,2480,12990.0,442.0,Kienberg,37997.0
2023.0,2481,10352.0,507.0,Lostorf,45596.0
2023.0,2491,11985.0,126.0,Niedergösgen,33347.0
2023.0,2492,12691.0,174.0,Obergösgen,27142.0
2023.0,2493,12808.0,1286.0,Rohr (SO),36748.0
2023.0,2495,12559.0,974.0,Stüsslingen,29351.0
2023.0,2497,12462.0,505.0,Trimbach,28943.0
,2498,,,Winznau,28886.0
2023.0,2499,16597.0,435.0,Wisen (SO),35188.0
2023.0,2500,10894.0,1320.0,Erlinsbach (SO),24364.0
2023.0,2501,10348.0,543.0,Aeschi (SO),30754.0
2023.0,2502,10349.0,163.0,Biberist,34518.0
2023.0,2503,14531.0,988.0,Bolken,32092.0
2023.0,2511,15508.0,412.0,Deitingen,37488.0
2023.0,2513,13722.0,2059.0,Derendingen,29884.0
2023.0,2514,13723.0,206.0,Etziken,29265.0
2023.0,2516,13725.0,742.0,Gerlafingen,33051.0
2023.0,2517,13726.0,1479.0,Halten,28234.0
2023.0,2518,13727.0,307.0,Horriwil,31985.0
2023.0,2519,13728.0,1084.0,Hüniken,24397.0
2023.0,2520,13729.0,281.0,Kriegstetten,34494.0
2023.0,2523,13732.0,296.0,Lohn-Ammannsegg,36289.0
2023.0,2524,13733.0,49.0,Luterbach,
2023.0,2525,13734.0,414.0,Obergerlafingen,34213.0
2023.0,2526,13752.0,823.0,Oekingen,41803.0
2023.0,2527,13736.0,875.0,Recherswil,31842.0
2023.0,2528,13737.0,415.0,Subingen,31864.0
2023.0,2529,13738.0,280.0,Zuchwil,32293.0
2023.0,2530,13739.0,629.0,Drei Höfe,31747.0
2023.0,2532,13741.0,842.0,Balm bei Günsberg,31967.0
2023.0,2534,13743.0,1326.0,Bellach,26304.0
2023.0,2535,15603.0,280.0,Bettlach,32715.0
2023.0,2541,11702.0,86.0,Feldbrunnen-St. Niklaus,38478.0
2023.0,2542,11878.0,1135.0,Flumenthal,29997.0
2023.0,2543,11908.0,1122.0,Grenchen,37826.0
2023.0,2544,11986.0,241.0,Günsberg,74550.0
2023.0,2545,11937.0,287.0,Hubersdorf,33061.0
2023.0,2546,12076.0,3119.0,Kammersrohr,27719.0
2023.0,2547,11923.0,432.0,Langendorf,36595.0
2023.0,2548,12215.0,247.0,Lommiswil,32216.0
2023.0,2549,12650.0,15.0,Oberdorf (SO),
2023.0,2550,12626.0,872.0,Riedholz,34894.0
2023.0,2551,12803.0,552.0,Rüttenen,35622.0
2023.0,2553,12502.0,601.0,Selzach,41451.0
2023.0,2554,15482.0,717.0,Boningen,38410.0
2023.0,2555,12879.0,487.0,Däniken,37244.0
2023.0,2556,13003.0,1022.0,Dulliken,31138.0
2023.0,2571,11789.0,226.0,Eppenberg-Wöschnau,31117.0
2023.0,2572,11580.0,723.0,Fulenbach,31825.0
2023.0,2573,12199.0,1113.0,Gretzenbach,25167.0
2023.0,2574,12309.0,86.0,Gunzgen,28797.0
2023.0,2575,12092.0,542.0,Hägendorf,31139.0
2023.0,2576,13230.0,814.0,Kappel (SO),30403.0
2023.0,2578,11936.0,457.0,Olten,31803.0
2023.0,2579,12003.0,1378.0,Rickenbach (SO),33117.0
2023.0,2580,12651.0,782.0,Schönenwerd,33528.0
2023.0,2581,12486.0,3112.0,Starrkirch-Wil,34481.0
2023.0,2582,12905.0,299.0,Walterswil (SO),38719.0
2023.0,2583,12971.0,1143.0,Wangen bei Olten,26379.0
2023.0,2584,10578.0,483.0,Solothurn,39378.0
2023.0,2585,10469.0,281.0,Bärschwil,31524.0
2023.0,2586,10472.0,1324.0,Beinwil (SO),32848.0
2023.0,2601,10384.0,3243.0,Breitenbach,39564.0
2023.0,2611,11690.0,337.0,Büsserach,28820.0
2023.0,2612,11876.0,108.0,Erschwil,23547.0
2023.0,2613,11822.0,999.0,Fehren,31167.0
2023.0,2614,11511.0,719.0,Grindel,36765.0
2023.0,2615,12274.0,371.0,Himmelried,29009.0
2023.0,2616,11988.0,238.0,Kleinlützel,30784.0
2023.0,2617,12009.0,196.0,Meltingen,28060.0
2023.0,2618,12154.0,387.0,Nunningen,38941.0
2023.0,2619,12692.0,495.0,Zullwil,28291.0
2023.0,2620,12385.0,238.0,Basel,31105.0
2023.0,2621,12546.0,721.0,Bettingen,33519.0
2023.0,2622,10324.0,246.0,Riehen,26126.0
2023.0,2701,11693.0,19244.0,Aesch (BL),40666.0
2023.0,2702,11907.0,329.0,Allschwil,84141.0
2023.0,2703,12895.0,4273.0,Arlesheim,50639.0
2023.0,2761,13824.0,2164.0,Biel-Benken,37899.0
2023.0,2762,13825.0,3509.0,Binningen,40351.0
2023.0,2763,13826.0,1978.0,Birsfelden,53910.0
2023.0,2764,13827.0,1122.0,Bottmingen,52026.0
2023.0,2765,13828.0,2871.0,Ettingen,55924.0
2023.0,2766,13829.0,1092.0,Münchenstein,31640.0
2023.0,2767,13830.0,1651.0,Muttenz,59635.0
2023.0,2768,13831.0,1333.0,Oberwil (BL),40654.0
2023.0,2769,13832.0,2702.0,Pfeffingen,37356.0
2023.0,2770,13833.0,3880.0,Reinach (BL),39440.0
2023.0,2771,13834.0,2593.0,Schönenbuch,48914.0
2023.0,2772,13835.0,812.0,Therwil,57689.0
2023.0,2773,13836.0,4206.0,Blauen,42097.0
2023.0,2774,13837.0,500.0,Brislach,46042.0
2023.0,2775,13838.0,2387.0,Burg im Leimental,44652.0
2023.0,2781,13839.0,294.0,Dittingen,42735.0
2023.0,2782,13840.0,590.0,Duggingen,29490.0
2023.0,2783,13841.0,117.0,Grellingen,41712.0
2023.0,2784,13842.0,260.0,Laufen,31055.0
2023.0,2785,13843.0,528.0,Liesberg,37275.0
2023.0,2786,13844.0,551.0,Nenzlingen,30686.0
2023.0,2787,13845.0,1295.0,Roggenburg,32114.0
2023.0,2788,13846.0,442.0,Röschenz,31535.0
2023.0,2789,13847.0,170.0,Wahlen,35674.0
2023.0,2790,13848.0,131.0,Zwingen,28538.0
2023.0,2791,13849.0,655.0,Arisdorf,35159.0
2023.0,2792,13850.0,474.0,Augst,30792.0
2023.0,2793,13851.0,592.0,Bubendorf,29607.0
2023.0,2821,13766.0,577.0,Frenkendorf,39822.0
2023.0,2822,13767.0,232.0,Füllinsdorf,38422.0
2023.0,2823,13768.0,1252.0,Giebenach,35233.0
2023.0,2824,13769.0,1306.0,Hersberg,32229.0
2023.0,2825,13770.0,1045.0,Lausen,37557.0
2023.0,2826,13771.0,321.0,Liestal,36511.0
2023.0,2827,13772.0,135.0,Lupsingen,41110.0
2023.0,2828,13773.0,1310.0,Pratteln,31966.0
2023.0,2829,13774.0,2870.0,Ramlinsburg,34217.0
2023.0,2830,13775.0,542.0,Seltisberg,40515.0
2023.0,2831,13776.0,2589.0,Ziefen,29491.0
2023.0,2832,13777.0,267.0,Anwil,46257.0
2023.0,2833,13778.0,482.0,Böckten,46717.0
2023.0,2834,13779.0,530.0,Buckten,32406.0
2023.0,2841,13780.0,173.0,Buus,30800.0
2023.0,2842,13781.0,257.0,Diepflingen,37832.0
2023.0,2843,13782.0,238.0,Gelterkinden,31802.0
2023.0,2844,13783.0,347.0,Häfelfingen,32436.0
2023.0,2845,13784.0,246.0,Hemmiken,34744.0
2023.0,2846,13785.0,1650.0,Itingen,32842.0
2023.0,2847,13786.0,92.0,Känerkinden,35804.0
2023.0,2848,13787.0,91.0,Kilchberg (BL),34875.0
2023.0,2849,13788.0,679.0,Läufelfingen,32950.0
2023.0,2850,13789.0,204.0,Maisprach,38905.0
2023.0,2851,13790.0,61.0,Nusshof,30607.0
2023.0,2852,13791.0,438.0,Oltingen,31190.0
2023.0,2853,13792.0,315.0,Ormalingen,41748.0
2023.0,2854,13793.0,109.0,Rickenbach (BL),47841.0
2023.0,2855,13794.0,156.0,Rothenfluh,27312.0
2023.0,2856,13795.0,636.0,Rümlingen,34859.0
2023.0,2857,13796.0,201.0,Rünenberg,33521.0
2023.0,2858,13797.0,256.0,Sissach,31649.0
2023.0,2859,13798.0,125.0,Tecknau,25096.0
2023.0,2860,13799.0,263.0,Tenniken,34649.0
2023.0,2861,13800.0,1527.0,Thürnen,39800.0
2023.0,2862,13801.0,221.0,Wenslingen,27145.0
2023.0,2863,13802.0,305.0,Wintersingen,34604.0
2023.0,2864,13803.0,352.0,Wittinsburg,33139.0
2023.0,2865,13804.0,230.0,Zeglingen,33663.0
2023.0,2866,13805.0,247.0,Zunzgen,34099.0
2023.0,2867,13806.0,149.0,Arboldswil,
2023.0,2868,13807.0,173.0,Bennwil,29098.0
2023.0,2869,13808.0,735.0,Bretzwil,32222.0
2023.0,2881,13809.0,227.0,Diegten,39958.0
2023.0,2882,13810.0,230.0,Eptingen,30594.0
2023.0,2883,13811.0,266.0,Hölstein,27840.0
2023.0,2884,13812.0,559.0,Lampenberg,32786.0
2023.0,2885,13813.0,182.0,Langenbruck,27749.0
2023.0,2886,13814.0,701.0,Lauwil,31189.0
2023.0,2887,13815.0,211.0,Liedertswil,40944.0
2023.0,2888,13816.0,364.0,Niederdorf,27662.0
2023.0,2889,13817.0,143.0,Oberdorf (BL),29736.0
2023.0,2890,13818.0,60.0,Reigoldswil,
2023.0,2891,13819.0,479.0,Titterten,30742.0
2023.0,2892,13820.0,715.0,Waldenburg,27350.0
2023.0,2893,13821.0,509.0,Gächlingen,28955.0
2023.0,2894,13822.0,169.0,Löhningen,33778.0
2023.0,2895,13823.0,366.0,Neunkirch,28728.0
2023.0,2901,12071.0,341.0,Büttenhardt,28456.0
2023.0,2903,12801.0,499.0,Dörflingen,32701.0
2023.0,2904,12519.0,716.0,Lohn (SH),31087.0
2023.0,2914,11486.0,147.0,Stetten (SH),32310.0
2023.0,2915,12184.0,367.0,Thayngen,36627.0
2023.0,2917,12800.0,259.0,Bargen (SH),32026.0
2023.0,2919,10586.0,407.0,Beringen,46212.0
2023.0,2920,14948.0,1471.0,Buchberg,31398.0
2023.0,2931,11688.0,107.0,Merishausen,32060.0
2023.0,2932,15604.0,1127.0,Neuhausen am Rheinfall,30797.0
2023.0,2933,11474.0,322.0,Rüdlingen,57473.0
2023.0,2936,12395.0,325.0,Schaffhausen,27993.0
2023.0,2937,12525.0,1688.0,Beggingen,26726.0
2023.0,2938,12846.0,306.0,Schleitheim,45518.0
2023.0,2939,14949.0,6716.0,Siblingen,33418.0
2023.0,2951,11873.0,177.0,Buch (SH),27867.0
2023.0,2952,13045.0,598.0,Hemishofen,28588.0
2023.0,2953,12989.0,306.0,Ramsen,33696.0
2023.0,2961,11479.0,144.0,Stein am Rhein,33335.0
2023.0,2962,12233.0,195.0,Hallau,34971.0
2023.0,2963,13170.0,520.0,Oberhallau,28842.0
2023.0,2964,10592.0,1002.0,Trasadingen,34109.0
2023.0,2971,12020.0,834.0,Wilchingen,27644.0
2023.0,2972,12471.0,163.0,Herisau,27127.0
2023.0,2973,10882.0,233.0,Hundwil,27914.0
2023.0,2974,14515.0,588.0,Schönengrund,29679.0
2023.0,3001,12304.0,3214.0,Schwellbrunn,30473.0
2023.0,3002,12175.0,399.0,Stein (AR),19875.0
2023.0,3003,12972.0,209.0,Urnäsch,26369.0
2023.0,3004,12957.0,541.0,Waldstatt,24579.0
2023.0,3005,10583.0,502.0,Bühler,32334.0
2023.0,3006,10946.0,967.0,Gais,24858.0
2023.0,3007,10461.0,576.0,Speicher,27966.0
2023.0,3021,11451.0,466.0,Teufen (AR),25101.0
2023.0,3022,12077.0,1011.0,Trogen,34024.0
2023.0,3023,10157.0,1218.0,Grub (AR),36661.0
2023.0,3024,10561.0,1650.0,Heiden,49485.0
2023.0,3025,10895.0,651.0,Lutzenberg,32178.0
2023.0,3031,11956.0,337.0,Rehetobel,29457.0
2023.0,3032,12253.0,1201.0,Reute (AR),31600.0
2023.0,3033,12705.0,486.0,Wald (AR),32578.0
2023.0,3034,13169.0,669.0,Walzenhausen,31996.0
2023.0,3035,12915.0,317.0,Wolfhalden,32578.0
2023.0,3036,10458.0,376.0,Appenzell,28234.0
2023.0,3037,10470.0,873.0,Gonten,32744.0
2023.0,3038,10358.0,733.0,Rüte,31711.0
2023.0,3101,14097.0,1577.0,Schlatt-Haslen,39439.0
2023.0,3102,14098.0,507.0,Schwende,30652.0
,3103,,,Oberegg,40480.0
2023.0,3104,14100.0,404.0,Häggenschwil,28597.0
,3105,,,Muolen,31556.0
2023.0,3111,14102.0,756.0,St. Gallen,29762.0
2023.0,3112,16620.0,2087.0,Wittenbach,
2023.0,3201,14378.0,361.0,Berg (SG),28680.0
2023.0,3202,14379.0,358.0,Eggersriet,28019.0
2023.0,3203,14380.0,9840.0,Goldach,30935.0
2023.0,3204,14381.0,1578.0,Mörschwil,27884.0
2023.0,3211,14382.0,290.0,Rorschach,32143.0
2023.0,3212,14383.0,746.0,Rorschacherberg,30906.0
2023.0,3213,14384.0,1610.0,Steinach,32194.0
2023.0,3214,14385.0,869.0,Tübach,48005.0
2023.0,3215,14386.0,1174.0,Untereggen,23959.0
2023.0,3216,14387.0,1266.0,Au (SG),33808.0
2023.0,3217,14388.0,683.0,Balgach,32181.0
2023.0,3218,14389.0,336.0,Berneck,38719.0
2023.0,3219,14390.0,332.0,Diepoldsau,33946.0
2023.0,3231,14391.0,1602.0,Rheineck,31573.0
2023.0,3232,14392.0,1311.0,St. Margrethen,35649.0
2023.0,3233,14393.0,1123.0,Thal,33752.0
2023.0,3234,14394.0,1705.0,Widnau,30083.0
2023.0,3235,14395.0,802.0,Altstätten,26724.0
2023.0,3236,14396.0,1235.0,Eichberg,23871.0
2023.0,3237,14397.0,1777.0,Marbach (SG),32165.0
2023.0,3238,14398.0,2382.0,Oberriet (SG),31395.0
2023.0,3251,14399.0,3356.0,Rebstein,27811.0
2023.0,3252,14400.0,534.0,Rüthi (SG),28071.0
2023.0,3253,14401.0,696.0,Buchs (SG),29314.0
2023.0,3254,14402.0,2802.0,Gams,28258.0
2023.0,3255,14403.0,1266.0,Grabs,28813.0
2023.0,3256,14404.0,777.0,Sennwald,26428.0
2023.0,3271,14405.0,2320.0,Sevelen,29980.0
2023.0,3272,14406.0,1083.0,Wartau,28327.0
2023.0,3273,14407.0,2383.0,Bad Ragaz,29120.0
2023.0,3274,14408.0,1663.0,Flums,30150.0
2023.0,3275,14409.0,1424.0,Mels,26947.0
2023.0,3276,14410.0,1701.0,Pfäfers,25172.0
2023.0,3291,14411.0,1458.0,Quarten,32830.0
2023.0,3292,14412.0,2094.0,Sargans,24430.0
2023.0,3293,14413.0,2442.0,Vilters-Wangs,27974.0
2023.0,3294,14414.0,735.0,Walenstadt,25326.0
2023.0,3295,14415.0,1296.0,Amden,29146.0
2023.0,3296,14416.0,1192.0,Benken (SG),29258.0
2023.0,3297,14417.0,1459.0,Kaltbrunn,28010.0
2023.0,3298,14418.0,1619.0,Schänis,30789.0
2023.0,3311,14419.0,977.0,Weesen,35775.0
2023.0,3312,14420.0,797.0,Schmerikon,27463.0
2023.0,3313,14421.0,1069.0,Uznach,28483.0
2023.0,3315,14423.0,1115.0,Rapperswil-Jona,26378.0
2023.0,3316,14424.0,483.0,Gommiswald,35509.0
2023.0,3338,14432.0,782.0,Eschenbach (SG),32644.0
2023.0,3339,14433.0,1269.0,Ebnat-Kappel,27553.0
2023.0,3340,14925.0,3982.0,Wildhaus-Alt St. Johann,41488.0
2023.0,3341,15605.0,1690.0,Nesslau,33949.0
2023.0,3342,15606.0,2599.0,Hemberg,32036.0
2023.0,3352,14435.0,1675.0,Lichtensteig,25216.0
2023.0,3359,15381.0,1929.0,Oberhelfenschwil,24323.0
2023.0,3360,15607.0,1608.0,Neckertal,26310.0
,3372,,,Wattwil,21595.0
2023.0,3374,14443.0,502.0,Kirchberg (SG),27335.0
,3375,,,Lütisburg,24400.0
,3378,,,Mosnang,22773.0
2023.0,3379,15608.0,2034.0,Bütschwil-Ganterschwil,25487.0
2023.0,3392,14448.0,2083.0,Degersheim,25579.0
2023.0,3393,14449.0,504.0,Flawil,25986.0
2023.0,3394,14450.0,992.0,Jonschwil,24123.0
2023.0,3395,15609.0,1383.0,Oberuzwil,25911.0
2023.0,3396,16623.0,2479.0,Uzwil,
2023.0,3401,14451.0,1066.0,Niederbüren,23519.0
2023.0,3402,14452.0,2015.0,Niederhelfenschwil,26826.0
2023.0,3405,14454.0,1010.0,Oberbüren,29006.0
2023.0,3407,14456.0,1443.0,Zuzwil (SG),29095.0
2023.0,3408,14457.0,2718.0,Wil (SG),27041.0
2023.0,3422,14459.0,438.0,Andwil (SG),28625.0
2023.0,3423,14460.0,897.0,Gaiserwald,30303.0
2023.0,3424,14461.0,1080.0,Gossau (SG),32019.0
2023.0,3426,14463.0,1250.0,Waldkirch,39308.0
2023.0,3427,15610.0,3849.0,Vaz/Obervaz,32007.0
2023.0,3441,14464.0,521.0,Lantsch/Lenz,31071.0
2023.0,3442,14465.0,1786.0,Schmitten (GR),36519.0
2023.0,3443,14466.0,2787.0,Albula/Alvra,31564.0
2023.0,3444,14467.0,1023.0,Surses,28390.0
2023.0,3506,15962.0,1910.0,Bergün Filisur,40540.0
2023.0,3513,15963.0,372.0,Brusio,31212.0
2023.0,3514,15964.0,164.0,Poschiavo,29831.0
2023.0,3542,16062.0,898.0,Falera,26833.0
2023.0,3543,16068.0,1950.0,Laax,29043.0
2023.0,3544,16085.0,787.0,Sagogn,25131.0
2023.0,3551,15967.0,621.0,Schluein,24532.0
2023.0,3561,15968.0,1564.0,Vals,23852.0
2023.0,3572,15969.0,425.0,Lumnezia,35415.0
2023.0,3575,15970.0,929.0,Ilanz/Glion,42763.0
2023.0,3581,15971.0,354.0,Fürstenau,28596.0
2023.0,3582,15972.0,238.0,Rothenbrunnen,27149.0
2023.0,3603,16063.0,368.0,Scharans,26756.0
2023.0,3618,16058.0,1401.0,Sils im Domleschg,26895.0
2023.0,3619,16061.0,1828.0,Cazis,25752.0
2023.0,3633,15975.0,124.0,Flerden,32603.0
2023.0,3637,15976.0,99.0,Masein,25658.0
2023.0,3638,15977.0,359.0,Thusis,30395.0
2023.0,3640,15978.0,289.0,Tschappina,26281.0
2023.0,3661,16051.0,1039.0,Urmein,23213.0
2023.0,3662,15979.0,129.0,Safiental,
2023.0,3663,15980.0,177.0,Domleschg,27216.0
2023.0,3668,16084.0,686.0,Avers,22902.0
2023.0,3669,15982.0,202.0,Sufers,19084.0
2023.0,3670,15983.0,189.0,Andeer,33674.0
2023.0,3672,16057.0,632.0,Casti-Wergenstein,19911.0
2023.0,3673,16064.0,900.0,Donat,28407.0
2023.0,3681,15984.0,159.0,Lohn (GR),
2023.0,3695,15987.0,101.0,Mathon,
2023.0,3701,16048.0,427.0,Rongellen,24833.0
,3703,,,Zillis-Reischen,
,3705,,,Ferrera,
,3707,,,Rheinwald,
,3708,,,Bonaduz,27774.0
2023.0,3711,15991.0,23.0,Domat/Ems,
2023.0,3712,15992.0,212.0,Rhäzüns,27790.0
2023.0,3713,16045.0,158.0,Felsberg,32972.0
2023.0,3714,16125.0,373.0,Flims,28121.0
2023.0,3715,16598.0,335.0,Tamins,
2023.0,3721,15993.0,745.0,Trin,31809.0
2023.0,3722,15994.0,1562.0,Zernez,27448.0
2023.0,3723,15995.0,461.0,Samnaun,26010.0
2023.0,3731,15996.0,616.0,Scuol,31074.0
2023.0,3732,15997.0,1395.0,Valsot,37741.0
2023.0,3733,15998.0,459.0,Bever,29752.0
2023.0,3734,15999.0,645.0,Celerina/Schlarigna,32788.0
2023.0,3746,16066.0,696.0,Madulain,28136.0
2023.0,3752,16000.0,291.0,Pontresina,25728.0
2023.0,3762,16065.0,2447.0,La Punt-Chamues-ch,30922.0
2023.0,3764,16059.0,538.0,Samedan,26869.0
2023.0,3781,16001.0,213.0,St. Moritz,45220.0
2023.0,3782,16002.0,486.0,S-chanf,69011.0
2023.0,3783,16003.0,110.0,Sils im Engadin/Segl,40083.0
2023.0,3784,16004.0,542.0,Silvaplana,43322.0
2023.0,3785,16586.0,339.0,Zuoz,52204.0
2023.0,3786,16006.0,604.0,Bregaglia,38822.0
2023.0,3787,16007.0,925.0,Buseno,70715.0
2023.0,3788,16008.0,315.0,Castaneda,46315.0
2023.0,3789,16009.0,345.0,Rossa,43536.0
2023.0,3790,16010.0,417.0,Santa Maria in Calanca,72769.0
2023.0,3791,16011.0,412.0,Lostallo,39733.0
2023.0,3792,16052.0,1385.0,Mesocco,30090.0
2023.0,3804,16012.0,188.0,Soazza,26468.0
2023.0,3805,16013.0,186.0,Cama,30462.0
2023.0,3808,16014.0,326.0,Grono,34122.0
2023.0,3810,16015.0,205.0,Roveredo (GR),55163.0
2023.0,3821,16016.0,377.0,San Vittore,26335.0
2023.0,3822,16017.0,1155.0,Calanca,28133.0
2023.0,3823,16018.0,234.0,Val Müstair,32401.0
2023.0,3831,16019.0,284.0,Davos,29133.0
2023.0,3832,15695.0,555.0,Fideris,25862.0
2023.0,3834,16020.0,1211.0,Furna,25619.0
2023.0,3835,16021.0,405.0,Jenaz,29811.0
2023.0,3837,16067.0,374.0,Klosters-Serneus,24184.0
2023.0,3847,16049.0,825.0,Conters im Prättigau,28472.0
2023.0,3851,16047.0,2994.0,Küblis,35750.0
2023.0,3861,16022.0,487.0,Luzein,28981.0
2023.0,3862,16023.0,240.0,Chur,22644.0
2023.0,3863,16024.0,528.0,Churwalden,26982.0
2023.0,3871,16610.0,2402.0,Arosa,42566.0
2023.0,3881,16025.0,178.0,Tschiertschen-Praden,
2023.0,3882,16026.0,367.0,Haldenstein,25962.0
2023.0,3891,16071.0,1209.0,Trimmis,30056.0
2023.0,3901,16599.0,4643.0,Untervaz,34798.0
2023.0,3911,16053.0,1355.0,Zizers,29094.0
2023.0,3921,16060.0,2074.0,Fläsch,32886.0
2023.0,3932,16050.0,387.0,Jenins,24777.0
,3941,,,Maienfeld,33722.0
2023.0,3945,16046.0,811.0,Malans,32562.0
2023.0,3946,16030.0,805.0,Landquart,31797.0
2023.0,3947,16031.0,827.0,Grüsch,32569.0
2023.0,3951,16032.0,245.0,Schiers,44445.0
2023.0,3952,16033.0,268.0,Seewis im Prättigau,39504.0
2023.0,3953,16034.0,754.0,Breil/Brigels,43425.0
2023.0,3954,16035.0,625.0,Disentis/Mustér,40070.0
2023.0,3955,16055.0,1592.0,Medel (Lucmagn),27701.0
2023.0,3961,16054.0,1021.0,Sumvitg,29436.0
2023.0,3962,16036.0,1060.0,Tujetsch,24513.0
2023.0,3972,16037.0,705.0,Trun,27552.0
2023.0,3981,16086.0,1335.0,Obersaxen Mundaun,26414.0
2023.0,3982,16039.0,969.0,Aarau,25248.0
2023.0,3983,16040.0,360.0,Biberstein,25509.0
2023.0,3985,16041.0,709.0,Buchs (AG),24333.0
2023.0,3986,16042.0,835.0,Densbüren,28393.0
2023.0,3987,16056.0,558.0,Erlinsbach (AG),25621.0
2023.0,3988,16069.0,1205.0,Gränichen,27775.0
2023.0,4001,15385.0,3852.0,Hirschthal,39828.0
2023.0,4002,11916.0,529.0,Küttigen,47875.0
2023.0,4003,11454.0,1447.0,Muhen,31159.0
2023.0,4004,11556.0,284.0,Oberentfelden,32906.0
2023.0,4005,14533.0,1127.0,Suhr,40260.0
2023.0,4006,12115.0,2054.0,Unterentfelden,31442.0
2023.0,4007,12158.0,469.0,Baden,38080.0
2023.0,4008,12594.0,1678.0,Bellikon,39435.0
2023.0,4009,12380.0,1138.0,Bergdietikon,33206.0
2023.0,4010,12465.0,1555.0,Birmenstorf (AG),28502.0
2023.0,4012,10585.0,1835.0,Ennetbaden,28687.0
2023.0,4013,10888.0,939.0,Fislisbach,32606.0
2023.0,4021,13189.0,3200.0,Freienwil,42482.0
2023.0,4022,11881.0,492.0,Gebenstorf,47874.0
2023.0,4023,11856.0,850.0,Killwangen,50250.0
2023.0,4024,11899.0,773.0,Künten,40274.0
2023.0,4026,12277.0,774.0,Mägenwil,51824.0
2023.0,4027,11998.0,1047.0,Mellingen,32026.0
2023.0,4028,11946.0,319.0,Neuenhof,35892.0
2023.0,4029,12110.0,1177.0,Niederrohrdorf,34144.0
2023.0,4030,12693.0,472.0,Oberrohrdorf,34459.0
2023.0,4031,12652.0,492.0,Obersiggenthal,36634.0
2023.0,4032,12712.0,565.0,Remetschwil,31306.0
2023.0,4033,12384.0,1026.0,Spreitenbach,31974.0
2023.0,4034,12514.0,894.0,Stetten (AG),25343.0
2023.0,4035,12565.0,790.0,Turgi,40702.0
2023.0,4037,12453.0,929.0,Untersiggenthal,44473.0
2023.0,4038,12456.0,1563.0,Wettingen,36672.0
2023.0,4039,13164.0,607.0,Wohlenschwil,47516.0
2023.0,4040,10366.0,1005.0,Würenlingen,23199.0
2023.0,4041,10595.0,550.0,Würenlos,32493.0
2023.0,4042,10886.0,497.0,Ehrendingen,31056.0
2023.0,4044,10871.0,1524.0,Arni (AG),33464.0
2023.0,4045,10275.0,3367.0,Berikon,37297.0
2023.0,4046,10356.0,473.0,Bremgarten (AG),33064.0
2023.0,4047,10344.0,1125.0,Büttikon,32789.0
2023.0,4048,10303.0,1520.0,Dottikon,40005.0
2023.0,4049,14534.0,1115.0,Eggenwil,36142.0
2023.0,4061,13668.0,504.0,Fischbach-Göslikon,45625.0
2023.0,4062,11857.0,940.0,Hägglingen,38223.0
2023.0,4063,15644.0,1492.0,Jonen,36228.0
2023.0,4064,11488.0,283.0,Niederwil (AG),36486.0
2023.0,4065,12217.0,760.0,Oberlunkhofen,29267.0
2023.0,4066,12157.0,269.0,Oberwil-Lieli,36100.0
2023.0,4067,12006.0,433.0,Rudolfstetten-Friedlisberg,32092.0
2023.0,4068,12004.0,771.0,Sarmenstorf,37631.0
2023.0,4071,12644.0,603.0,Tägerig,42093.0
2023.0,4072,12569.0,749.0,Uezwil,34232.0
2023.0,4073,12452.0,525.0,Unterlunkhofen,49856.0
2023.0,4074,13681.0,652.0,Villmergen,62733.0
2023.0,4075,12830.0,884.0,Widen,34997.0
2023.0,4076,13010.0,851.0,Wohlen (AG),33219.0
2023.0,4077,10550.0,430.0,Zufikon,30759.0
2023.0,4078,10853.0,172.0,Islisberg,32267.0
2023.0,4079,10867.0,366.0,Auenstein,42167.0
2023.0,4080,15386.0,1666.0,Birr,29405.0
2023.0,4081,10278.0,804.0,Birrhard,49192.0
2023.0,4082,10354.0,3291.0,Bözen,28139.0
2023.0,4083,10322.0,979.0,Brugg,38791.0
2023.0,4084,13669.0,156.0,Effingen,41850.0
2023.0,4091,11681.0,628.0,Elfingen,41609.0
2023.0,4092,11901.0,738.0,Habsburg,26445.0
2023.0,4093,11837.0,274.0,Hausen (AG),37103.0
,4094,,,Lupfig,33825.0
2023.0,4095,16135.0,2472.0,Mandach,34715.0
,4096,,,Mönthal,32665.0
,4097,,,Mülligen,33489.0
2023.0,4099,12000.0,140.0,Remigen,47506.0
2023.0,4100,14375.0,764.0,Riniken,34917.0
2023.0,4104,16087.0,715.0,Rüfenach,34791.0
2023.0,4105,12753.0,108.0,Thalheim (AG),34543.0
2023.0,4106,12321.0,160.0,Veltheim (AG),31250.0
2023.0,4107,12354.0,253.0,Villigen,33585.0
2023.0,4110,13161.0,354.0,Villnachern,34459.0
2023.0,4111,12890.0,416.0,Windisch,32093.0
2023.0,4112,12838.0,288.0,Bözberg,34387.0
2023.0,4117,10760.0,305.0,Schinznach,33200.0
2023.0,4120,10911.0,460.0,Beinwil am See,32156.0
2023.0,4121,14535.0,606.0,Birrwil,33924.0
2023.0,4122,10009.0,489.0,Burg (AG),31296.0
2023.0,4123,10360.0,1305.0,Dürrenäsch,31450.0
2023.0,4124,15615.0,580.0,Gontenschwil,35550.0
2023.0,4125,15645.0,755.0,Holziken,33323.0
2023.0,4131,11886.0,1064.0,Leimbach (AG),36521.0
2023.0,4132,11913.0,380.0,Leutwil,41416.0
,4133,,,Menziken,25140.0
2023.0,4134,12122.0,440.0,Oberkulm,29738.0
2023.0,4135,12047.0,688.0,Reinach (AG),29796.0
2023.0,4136,12140.0,323.0,Schlossrued,32177.0
2023.0,4137,12783.0,175.0,Schmiedrued,31549.0
2023.0,4138,12778.0,261.0,Schöftland,33639.0
2023.0,4139,16625.0,1826.0,Teufenthal (AG),24648.0
2023.0,4140,12454.0,693.0,Unterkulm,25923.0
2023.0,4141,13174.0,1812.0,Zetzwil,23821.0
2023.0,4142,13043.0,290.0,Eiken,29833.0
2023.0,4143,13042.0,422.0,Frick,27281.0
2023.0,4144,13005.0,986.0,Gansingen,33312.0
2023.0,4145,10562.0,509.0,Gipf-Oberfrick,29168.0
2023.0,4146,10866.0,827.0,Herznach,26302.0
2023.0,4147,10301.0,428.0,Hornussen,28801.0
2023.0,4161,12170.0,603.0,Kaisten,32206.0
2023.0,4163,11953.0,1128.0,Laufenburg,35623.0
2023.0,4164,12114.0,353.0,Münchwilen (AG),33297.0
2023.0,4165,12065.0,960.0,Oberhof,38851.0
,4166,,,Oeschgen,35664.0
,4167,,,Schwaderloch,27660.0
2023.0,4169,15389.0,852.0,Sisseln,35042.0
2023.0,4170,15390.0,953.0,Ueken,31394.0
2023.0,4172,12357.0,277.0,Wittnau,33419.0
2023.0,4173,12472.0,192.0,Wölflinswil,30726.0
2023.0,4175,12509.0,342.0,Zeihen,34170.0
2023.0,4176,12964.0,261.0,Mettauertal,30071.0
2023.0,4177,12980.0,438.0,Ammerswil,36122.0
,4179,,,Boniswil,33204.0
2023.0,4181,10353.0,413.0,Brunegg,33020.0
2023.0,4182,10359.0,316.0,Dintikon,31570.0
2023.0,4183,10309.0,375.0,Egliswil,32752.0
2023.0,4184,15388.0,729.0,Fahrwangen,33959.0
2023.0,4185,16615.0,936.0,Hallwil,
2023.0,4186,16626.0,752.0,Hendschiken,
2023.0,4191,11783.0,247.0,Holderbank (AG),32997.0
2023.0,4192,11790.0,503.0,Hunzenschwil,34986.0
2023.0,4193,11472.0,194.0,Lenzburg,35189.0
2023.0,4194,11566.0,517.0,Meisterschwanden,31440.0
2023.0,4195,12167.0,446.0,Möriken-Wildegg,34709.0
2023.0,4196,12252.0,620.0,Niederlenz,28497.0
2023.0,4197,11996.0,278.0,Othmarsingen,30731.0
2023.0,4198,12235.0,374.0,Rupperswil,27829.0
2023.0,4199,12139.0,293.0,Schafisheim,30010.0
2023.0,4200,12179.0,843.0,Seengen,29023.0
2023.0,4201,12782.0,1658.0,Seon,37009.0
2023.0,4202,12411.0,867.0,Staufen,50966.0
2023.0,4203,12367.0,1227.0,Abtwil,35681.0
2023.0,4204,12561.0,1193.0,Aristau,28107.0
2023.0,4205,13113.0,725.0,Auw,31066.0
2023.0,4206,12833.0,1340.0,Beinwil (Freiamt),34034.0
2023.0,4207,13056.0,857.0,Besenbüren,31754.0
2023.0,4208,12949.0,1009.0,Bettwil,42562.0
2023.0,4209,12996.0,1365.0,Boswil,31086.0
2023.0,4210,10579.0,814.0,Bünzen,40691.0
2023.0,4221,11741.0,228.0,Buttwil,30157.0
2023.0,4222,11764.0,428.0,Dietwil,36987.0
2023.0,4223,11659.0,486.0,Geltwil,29123.0
2023.0,4224,11875.0,306.0,Kallern,33315.0
2023.0,4226,11888.0,191.0,Merenschwand,31883.0
2023.0,4227,11910.0,200.0,Mühlau,33763.0
2023.0,4228,11800.0,740.0,Muri (AG),30903.0
2023.0,4229,11464.0,349.0,Oberrüti,30533.0
2023.0,4230,11490.0,385.0,Rottenschwil,33530.0
2023.0,4231,11564.0,299.0,Sins,32915.0
2023.0,4232,12104.0,65.0,Waltenschwil,
2023.0,4233,12638.0,132.0,Hellikon,34472.0
2023.0,4234,15503.0,916.0,Kaiseraugst,31442.0
2023.0,4235,12358.0,319.0,Magden,30651.0
2023.0,4236,12438.0,1633.0,Möhlin,33628.0
2023.0,4237,12446.0,373.0,Mumpf,32538.0
2023.0,4238,12851.0,251.0,Obermumpf,38151.0
2023.0,4239,12983.0,968.0,Olsberg,32320.0
2023.0,4240,10468.0,770.0,Rheinfelden,33514.0
2023.0,4251,12228.0,289.0,Schupfart,31715.0
2023.0,4252,12643.0,752.0,Stein (AG),36645.0
2023.0,4253,12711.0,1249.0,Wallbach,46199.0
2023.0,4254,12429.0,2503.0,Wegenstetten,33338.0
2023.0,4255,12355.0,412.0,Zeiningen,33994.0
2023.0,4256,12468.0,331.0,Zuzgen,32139.0
2023.0,4257,12508.0,152.0,Aarburg,56137.0
2023.0,4258,12911.0,1930.0,Bottenwil,39056.0
2023.0,4259,12967.0,280.0,Brittnau,36432.0
2023.0,4260,10582.0,603.0,Kirchleerau,34612.0
2023.0,4261,10462.0,667.0,Kölliken,45122.0
2023.0,4262,10446.0,376.0,Moosleerau,32271.0
2023.0,4263,10310.0,741.0,Murgenthal,38179.0
2023.0,4264,10329.0,310.0,Oftringen,35380.0
2023.0,4271,11738.0,1523.0,Reitnau,27082.0
2023.0,4273,11845.0,272.0,Rothrist,31451.0
2023.0,4274,11636.0,1225.0,Safenwil,32536.0
2023.0,4275,12696.0,286.0,Staffelbach,29191.0
2023.0,4276,12677.0,1299.0,Strengelbach,29515.0
2023.0,4277,12328.0,271.0,Uerkheim,32155.0
2023.0,4279,12335.0,922.0,Vordemwald,29072.0
2023.0,4280,12494.0,2451.0,Wiliberg,27489.0
2023.0,4281,16126.0,485.0,Zofingen,27863.0
2023.0,4282,12852.0,2190.0,Baldingen,30261.0
2023.0,4283,12873.0,1105.0,Böbikon,29028.0
2023.0,4284,10707.0,355.0,Böttstein,28915.0
2023.0,4285,10590.0,1081.0,Döttingen,28254.0
2023.0,4286,10850.0,434.0,Endingen,32092.0
2023.0,4287,10370.0,602.0,Fisibach,30588.0
2023.0,4288,10338.0,62.0,Full-Reuenthal,
2023.0,4289,14361.0,2445.0,Kaiserstuhl,37624.0
,4301,,,Klingnau,38272.0
,4302,,,Koblenz,30995.0
2023.0,4303,11840.0,732.0,Leibstadt,28096.0
2023.0,4304,12210.0,830.0,Lengnau (AG),29930.0
2023.0,4305,15646.0,758.0,Leuggern,32404.0
2023.0,4306,11999.0,146.0,Mellikon,25867.0
2023.0,4307,12091.0,345.0,Rekingen (AG),33207.0
,4308,,,Rietheim,30863.0
2023.0,4309,12672.0,945.0,Rümikon,31905.0
2023.0,4310,12685.0,453.0,Schneisingen,27073.0
2023.0,4311,12694.0,386.0,Siglistorf,29251.0
2023.0,4312,12786.0,778.0,Tegerfelden,35457.0
2023.0,4313,12775.0,704.0,Wislikofen,31830.0
2023.0,4314,12404.0,91.0,Bad Zurzach,28744.0
,4315,,,Arbon,27126.0
,4316,,,Dozwil,27133.0
,4317,,,Egnach,25853.0
2023.0,4318,13040.0,460.0,Hefenhofen,37196.0
2023.0,4319,12987.0,181.0,Horn,31873.0
2023.0,4320,10541.0,363.0,Kesswil,33108.0
,4322,,,Roggwil (TG),28420.0
,4323,,,Romanshorn,31980.0
2023.0,4324,16616.0,2069.0,Salmsach,
2023.0,4401,15456.0,2440.0,Sommeri,27476.0
2023.0,4406,15403.0,203.0,Uttwil,31340.0
2023.0,4411,15402.0,1419.0,Amriswil,31889.0
2023.0,4416,15406.0,420.0,Bischofszell,28965.0
2023.0,4421,15404.0,456.0,Erlen,45241.0
2023.0,4426,15409.0,363.0,Hauptwil-Gottshaus,35232.0
2023.0,4431,15412.0,873.0,Hohentannen,36333.0
2023.0,4436,15411.0,2147.0,Kradolf-Schönenberg,28380.0
2023.0,4441,15413.0,403.0,Sulgen,25883.0
2023.0,4446,15417.0,185.0,Zihlschlacht-Sitterdorf,28121.0
2023.0,4451,15397.0,502.0,Basadingen-Schlattingen,39494.0
2023.0,4461,15451.0,2666.0,Diessenhofen,26713.0
2023.0,4471,15449.0,1396.0,Schlatt (TG),27742.0
2023.0,4476,15427.0,1025.0,Aadorf,26195.0
2023.0,4486,15446.0,569.0,Felben-Wellhausen,30813.0
2023.0,4495,15466.0,232.0,Frauenfeld,34500.0
2023.0,4501,15448.0,877.0,Gachnang,28207.0
2023.0,4506,15450.0,912.0,Hüttlingen,27932.0
2023.0,4511,15452.0,719.0,Matzingen,29095.0
2023.0,4536,15468.0,656.0,Neunforn,33167.0
2023.0,4545,15473.0,857.0,Stettfurt,31424.0
2023.0,4546,15467.0,647.0,Thundorf,31853.0
2023.0,4551,15442.0,2219.0,Uesslingen-Buch,33814.0
2023.0,4561,15423.0,670.0,Warth-Weiningen,30746.0
2023.0,4566,15458.0,4748.0,Altnau,35194.0
2023.0,4571,15457.0,1176.0,Bottighofen,35016.0
2023.0,4590,15469.0,302.0,Ermatingen,30392.0
2023.0,4591,15410.0,742.0,Gottlieben,28925.0
2023.0,4601,15447.0,396.0,Güttingen,36007.0
2023.0,4606,15396.0,411.0,Kemmental,40671.0
2023.0,4611,15429.0,465.0,Kreuzlingen,30618.0
2023.0,4616,15431.0,382.0,Langrickenbach,35868.0
2023.0,4621,15430.0,454.0,Lengwil,54404.0
2023.0,4641,15398.0,671.0,Münsterlingen,33948.0
2023.0,4643,15425.0,545.0,Tägerwilen,52586.0
2023.0,4646,15421.0,970.0,Wäldi,47052.0
2023.0,4651,15401.0,83.0,Affeltrangen,43829.0
2023.0,4656,15400.0,520.0,Bettwiesen,33315.0
2023.0,4666,15445.0,962.0,Bichelsee-Balterswil,31539.0
2023.0,4671,15408.0,3244.0,Braunau,32125.0
2023.0,4681,15459.0,441.0,Eschlikon,29722.0
2023.0,4683,15460.0,548.0,Fischingen,30513.0
2023.0,4691,15426.0,761.0,Lommis,37303.0
2023.0,4696,15394.0,1045.0,Münchwilen (TG),33965.0
2023.0,4701,15432.0,417.0,Rickenbach (TG),30530.0
2023.0,4711,15433.0,790.0,Schönholzerswilen,28554.0
2023.0,4716,15434.0,332.0,Sirnach,32759.0
2023.0,4721,15443.0,898.0,Tobel-Tägerschen,31711.0
2023.0,4723,15470.0,272.0,Wängi,33787.0
2023.0,4724,15454.0,1076.0,Wilen (TG),34999.0
2023.0,4726,15419.0,949.0,Wuppenau,31260.0
2023.0,4741,15435.0,409.0,Berlingen,33644.0
2023.0,4746,15407.0,1274.0,Eschenz,30498.0
2023.0,4751,15463.0,369.0,Herdern,27734.0
2023.0,4756,15415.0,277.0,Homburg,28627.0
2023.0,4761,15453.0,1727.0,Hüttwilen,31883.0
2023.0,4776,15471.0,436.0,Mammern,30485.0
2023.0,4781,15441.0,1369.0,Müllheim,33366.0
2023.0,4786,15462.0,632.0,Pfyn,33301.0
2023.0,4791,15418.0,385.0,Raperswilen,32424.0
2023.0,4801,15399.0,381.0,Salenstein,37634.0
2023.0,4806,15405.0,621.0,Steckborn,31073.0
2023.0,4811,15464.0,355.0,Wagenhausen,36262.0
2023.0,4816,15472.0,536.0,Amlikon-Bissegg,31170.0
2023.0,4821,15455.0,578.0,Berg (TG),36716.0
2023.0,4826,15424.0,246.0,Birwinken,38546.0
2023.0,4831,15416.0,829.0,Bürglen (TG),31312.0
2023.0,4841,15465.0,657.0,Bussnang,28905.0
2023.0,4846,15414.0,172.0,Märstetten,32688.0
2023.0,4851,15422.0,482.0,Weinfelden,48564.0
2023.0,4864,15395.0,1073.0,Wigoltingen,35218.0
2023.0,4871,15440.0,557.0,Arbedo-Castione,31113.0
2023.0,4881,15436.0,504.0,Bellinzona,33638.0
2023.0,4891,15461.0,1038.0,Cadenazzo,32267.0
2023.0,4901,15438.0,460.0,Isone,28997.0
2023.0,4911,15428.0,873.0,Lumino,25632.0
2023.0,4921,15444.0,756.0,Sant'Antonino,28039.0
2023.0,4941,15420.0,777.0,Acquarossa,34916.0
2023.0,4946,15437.0,2253.0,Blenio,32551.0
2023.0,4951,15439.0,809.0,Serravalle,29428.0
2023.0,5001,11768.0,1160.0,Airolo,28585.0
2023.0,5002,16078.0,11610.0,Bedretto,28824.0
2023.0,5003,14518.0,717.0,Bodio,21541.0
2023.0,5009,12665.0,251.0,Dalpe,26328.0
2023.0,5010,12725.0,516.0,Faido,30643.0
2023.0,5017,13012.0,714.0,Giornico,27302.0
2023.0,5048,14492.0,1948.0,Personico,26114.0
2023.0,5049,14918.0,2111.0,Pollegio,26598.0
2023.0,5050,15509.0,2052.0,Prato (Leventina),27645.0
2023.0,5061,11719.0,913.0,Quinto,28771.0
2023.0,5063,11872.0,181.0,Ascona,72115.0
2023.0,5064,11815.0,370.0,Brione sopra Minusio,18515.0
2023.0,5071,11579.0,265.0,Brissago,39426.0
2023.0,5072,15685.0,2922.0,Gordola,26411.0
2023.0,5073,12066.0,370.0,Lavertezzo,24631.0
2023.0,5076,13153.0,213.0,Locarno,26786.0
2023.0,5077,13084.0,327.0,Losone,24730.0
2023.0,5078,13099.0,279.0,Mergoscia,26046.0
2023.0,5079,13092.0,874.0,Minusio,27230.0
2023.0,5091,11673.0,1617.0,Muralto,43470.0
2023.0,5096,11832.0,587.0,Orselina,38483.0
2023.0,5097,11833.0,1514.0,Ronco sopra Ascona,36318.0
2023.0,5108,12051.0,1706.0,Tenero-Contra,28726.0
2023.0,5112,16588.0,376.0,Onsernone,22940.0
2023.0,5113,12828.0,2293.0,Cugnasco-Gerra,25503.0
2023.0,5115,12807.0,1757.0,Agno,28409.0
2023.0,5117,12393.0,519.0,Aranno,24660.0
2023.0,5118,12436.0,1884.0,Arogno,35608.0
2023.0,5120,12463.0,443.0,Astano,36380.0
2023.0,5121,13135.0,535.0,Bedano,47801.0
2023.0,5125,12922.0,835.0,Bedigliora,66911.0
2023.0,5131,10558.0,686.0,Bioggio,25633.0
2023.0,5136,15686.0,1255.0,Bissone,25076.0
2023.0,5138,16587.0,1451.0,Brusino Arsizio,30786.0
2023.0,5141,11722.0,905.0,Cademario,29026.0
2023.0,5143,11757.0,224.0,Cadempino,35122.0
2023.0,5144,11703.0,480.0,Canobbio,26997.0
2023.0,5146,11684.0,269.0,Caslano,30815.0
2023.0,5148,11902.0,475.0,Comano,31731.0
2023.0,5149,11770.0,355.0,Croglio,27469.0
2023.0,5151,14939.0,854.0,Cureglia,37729.0
2023.0,5154,11806.0,285.0,Curio,45536.0
2023.0,5160,11475.0,348.0,Grancia,37720.0
2023.0,5161,11492.0,421.0,Gravesano,30655.0
2023.0,5162,11484.0,317.0,Lamone,31150.0
2023.0,5167,11404.0,471.0,Lugano,37903.0
2023.0,5171,11413.0,1094.0,Magliaso,26379.0
2023.0,5176,11616.0,655.0,Manno,54647.0
,5178,,,Maroggia,26593.0
2023.0,5180,11570.0,394.0,Massagno,48506.0
2023.0,5181,11571.0,289.0,Melano,26723.0
2023.0,5186,12042.0,129.0,Melide,28354.0
2023.0,5187,12118.0,389.0,Mezzovico-Vira,37743.0
2023.0,5189,12623.0,353.0,Miglieglia,25144.0
2023.0,5192,15628.0,10499.0,Monteggio,38797.0
2023.0,5193,12714.0,584.0,Morcote,36280.0
2023.0,5194,12765.0,397.0,Muzzano,36484.0
,5195,,,Neggio,39723.0
2023.0,5196,12749.0,528.0,Novaggio,34925.0
,5197,,,Origlio,30969.0
2023.0,5198,12388.0,369.0,Paradiso,35577.0
2023.0,5199,12442.0,580.0,Ponte Capriasca,33780.0
2023.0,5200,12420.0,224.0,Ponte Tresa,22143.0
,5202,,,Porza,27315.0
2023.0,5203,12331.0,479.0,Pura,66757.0
2023.0,5205,12531.0,321.0,Rovio,45589.0
2023.0,5206,12539.0,154.0,Savosa,35958.0
2023.0,5207,12564.0,430.0,Sessa,27979.0
2023.0,5208,12488.0,505.0,Sorengo,43136.0
2023.0,5210,13116.0,260.0,Capriasca,43114.0
2023.0,5212,13138.0,567.0,Torricella-Taverne,35625.0
,5213,,,Vernate,28877.0
2023.0,5214,13073.0,438.0,Vezia,61395.0
2023.0,5216,13093.0,597.0,Vico Morcote,32845.0
,5219,,,Collina d'Oro,35069.0
2023.0,5221,13059.0,385.0,Alto Malcantone,41211.0
,5222,,,Monteceneri,28757.0
2023.0,5225,10415.0,350.0,Balerna,47845.0
2023.0,5226,14938.0,3125.0,Castel San Pietro,30511.0
2023.0,5227,10880.0,876.0,Chiasso,26757.0
2023.0,5230,10916.0,282.0,Coldrerio,40798.0
2023.0,5231,10943.0,420.0,Mendrisio,33027.0
2023.0,5233,10755.0,270.0,Morbio Inferiore,68351.0
2023.0,5236,15512.0,1554.0,Novazzano,61566.0
2023.0,5237,14519.0,927.0,Riva San Vitale,29994.0
2023.0,5238,15392.0,1830.0,Stabio,26747.0
2023.0,5239,16611.0,1590.0,Vacallo,
2023.0,5240,16619.0,966.0,Breggia,
2023.0,5242,11707.0,675.0,Biasca,27171.0
2023.0,5249,14499.0,832.0,Riviera,40858.0
2023.0,5250,13251.0,861.0,Bosco/Gurin,24552.0
2023.0,5251,11594.0,666.0,Campo (Vallemaggia),32639.0
2023.0,5254,15630.0,3996.0,Cerentino,32880.0
2023.0,5257,12329.0,1023.0,Cevio,29669.0
2023.0,5260,12544.0,674.0,Linescio,33798.0
2023.0,5263,12904.0,928.0,Maggia,31847.0
2023.0,5266,10381.0,1198.0,Lavizzara,26975.0
2023.0,5268,10930.0,690.0,Avegno Gordevio,34968.0
2023.0,5269,14974.0,1152.0,Terre di Pedemonte,32421.0
2023.0,5281,11904.0,1904.0,Centovalli,23325.0
2023.0,5287,16079.0,1643.0,Gambarogno,23566.0
2023.0,5304,11798.0,158.0,Verzasca,33485.0
2023.0,5307,11402.0,295.0,Aigle,24718.0
2023.0,5309,11388.0,141.0,Bex,
2023.0,5310,14919.0,1159.0,Chessel,24836.0
2023.0,5315,12814.0,130.0,Corbeyrier,
2023.0,5317,14495.0,2314.0,Gryon,25424.0
2023.0,5323,14497.0,964.0,Lavey-Morcles,29011.0
2023.0,5324,14940.0,843.0,Leysin,25333.0
2023.0,5396,15627.0,1282.0,Noville,30587.0
2023.0,5397,14973.0,1473.0,Ollon,27366.0
2023.0,5398,15391.0,4142.0,Ormont-Dessous,28282.0
2023.0,5399,16589.0,1867.0,Ormont-Dessus,18650.0
2023.0,5401,14540.0,1344.0,Rennaz,22640.0
2023.0,5402,14541.0,2147.0,Roche (VD),23173.0
2023.0,5403,14808.0,126.0,Villeneuve (VD),26385.0
2023.0,5404,14793.0,259.0,Yvorne,29213.0
2023.0,5405,14747.0,1307.0,Apples,35716.0
2023.0,5406,14645.0,311.0,Aubonne,24701.0
2023.0,5407,14625.0,903.0,Ballens,19955.0
2023.0,5408,14620.0,296.0,Berolle,29137.0
2023.0,5409,14663.0,3220.0,Bière,36668.0
2023.0,5410,14670.0,1228.0,Bougy-Villars,26673.0
2023.0,5411,14669.0,1252.0,Féchy,33248.0
2023.0,5412,14616.0,124.0,Gimel,23963.0
2023.0,5413,14603.0,330.0,Longirod,21256.0
2023.0,5414,14914.0,896.0,Marchissy,24549.0
2023.0,5415,14911.0,334.0,Mollens (VD),31874.0
,5421,,,Montherod,37907.0
2023.0,5422,16600.0,808.0,Saint-George,45280.0
2023.0,5423,14784.0,141.0,Saint-Livres,29473.0
2023.0,5424,14763.0,100.0,Saint-Oyens,30765.0
2023.0,5425,14757.0,334.0,Saubraz,24892.0
2023.0,5426,14764.0,192.0,Avenches,70037.0
2023.0,5427,14743.0,243.0,Cudrefin,67182.0
2023.0,5428,14730.0,479.0,Faoug,28842.0
2023.0,5429,14624.0,173.0,Vully-les-Lacs,38913.0
2023.0,5430,14631.0,133.0,Bettens,35360.0
2023.0,5431,14679.0,109.0,Bournens,31918.0
,5432,,,Boussens,32320.0
2023.0,5434,14615.0,368.0,La Chaux (Cossonay),38623.0
2023.0,5435,14601.0,199.0,Chavannes-le-Veyron,37465.0
2023.0,5436,14586.0,137.0,Chevilly,39011.0
2023.0,5437,14583.0,123.0,Cossonay,31726.0
2023.0,5451,15487.0,914.0,Cottens (VD),23428.0
2023.0,5456,14546.0,742.0,Cuarnens,36286.0
2023.0,5458,14749.0,340.0,Daillens,36492.0
2023.0,5464,15488.0,1409.0,Dizy,34855.0
2023.0,5471,14755.0,128.0,Eclépens,36808.0
2023.0,5472,14766.0,118.0,Ferreyres,40844.0
2023.0,5473,14765.0,217.0,Gollion,37925.0
2023.0,5474,14651.0,123.0,Grancy,35465.0
2023.0,5475,14853.0,38.0,L'Isle,29225.0
2023.0,5476,14814.0,81.0,Lussery-Villars,36772.0
2023.0,5477,14828.0,601.0,Mauraz,32447.0
,5478,,,Mex (VD),36024.0
2023.0,5479,14830.0,135.0,Moiry,36947.0
2023.0,5480,14819.0,240.0,Mont-la-Ville,39752.0
2023.0,5481,14854.0,64.0,Montricher,34809.0
2023.0,5482,14716.0,236.0,Orny,32920.0
2023.0,5483,14746.0,98.0,Pampigny,38607.0
2023.0,5484,14734.0,185.0,Penthalaz,38298.0
2023.0,5485,14736.0,113.0,Penthaz,42170.0
2023.0,5486,14652.0,302.0,Pompaples,33547.0
2023.0,5487,14547.0,109.0,La Sarraz,37129.0
2023.0,5488,14683.0,19.0,Senarclens,
2023.0,5489,14676.0,185.0,Sévery,52719.0
2023.0,5490,14681.0,96.0,Sullens,
2023.0,5491,14686.0,178.0,Vufflens-la-Ville,32471.0
2023.0,5492,14695.0,271.0,Assens,116471.0
2023.0,5493,14668.0,111.0,Bercher,32108.0
,5494,,,Bioley-Orjulaz,35904.0
2023.0,5495,14555.0,495.0,Bottens,30399.0
2023.0,5496,14556.0,423.0,Bretigny-sur-Morrens,33727.0
2023.0,5497,14578.0,170.0,Cugy (VD),25598.0
2023.0,5498,14657.0,511.0,Echallens,30698.0
2023.0,5499,14594.0,123.0,Essertines-sur-Yverdon,38364.0
,5500,,,Etagnières,36357.0
2023.0,5501,14900.0,297.0,Fey,40285.0
2023.0,5503,14908.0,341.0,Froideville,42499.0
2023.0,5511,16613.0,320.0,Morrens (VD),40184.0
2023.0,5512,14552.0,327.0,Oulens-sous-Echallens,31495.0
,5513,,,Pailly,37019.0
2023.0,5514,14771.0,273.0,Penthéréaz,35360.0
2023.0,5515,14772.0,148.0,Poliez-Pittet,36361.0
2023.0,5516,14825.0,562.0,Rueyres,37257.0
2023.0,5518,14717.0,1033.0,Saint-Barthélemy (VD),30613.0
2023.0,5520,14708.0,277.0,Villars-le-Terroir,33889.0
2023.0,5521,14702.0,206.0,Vuarrens,36882.0
2023.0,5522,14744.0,186.0,Montilliez,32714.0
2023.0,5523,14748.0,591.0,Goumoëns,35825.0
2023.0,5527,14687.0,302.0,Bonvillars,36077.0
2023.0,5529,14562.0,150.0,Bullet,36873.0
2023.0,5530,14565.0,168.0,Champagne,33111.0
2023.0,5531,14557.0,116.0,Concise,37924.0
2023.0,5533,14577.0,185.0,Corcelles-près-Concise,32966.0
2023.0,5534,14619.0,69.0,Fiez,32683.0
2023.0,5535,14612.0,182.0,Fontaines-sur-Grandson,33733.0
2023.0,5537,14887.0,281.0,Giez,33934.0
2023.0,5539,14910.0,268.0,Grandevent,30653.0
2023.0,5540,15489.0,452.0,Grandson,35912.0
2023.0,5541,15490.0,282.0,Mauborget,33855.0
2023.0,5551,14777.0,154.0,Mutrux,39931.0
2023.0,5552,14843.0,363.0,Novalles,32859.0
2023.0,5553,14848.0,231.0,Onnens (VD),32735.0
2023.0,5554,14798.0,320.0,Provence,30917.0
2023.0,5555,14804.0,139.0,Sainte-Croix,31344.0
2023.0,5556,14742.0,130.0,Tévenon,33022.0
2023.0,5557,14751.0,62.0,Belmont-sur-Lausanne,29738.0
2023.0,5559,14741.0,140.0,Cheseaux-sur-Lausanne,45930.0
2023.0,5560,14732.0,92.0,Crissier,36339.0
2023.0,5561,14725.0,835.0,Epalinges,35239.0
2023.0,5562,14633.0,94.0,Jouxtens-Mézery,26968.0
2023.0,5563,14661.0,49.0,Lausanne,
2023.0,5564,14617.0,34.0,Le Mont-sur-Lausanne,
2023.0,5565,14672.0,149.0,Paudex,34020.0
2023.0,5566,14572.0,201.0,Prilly,25395.0
2023.0,5568,14591.0,1350.0,Pully,23726.0
2023.0,5571,15492.0,327.0,Renens (VD),31725.0
2023.0,5581,14760.0,797.0,Romanel-sur-Lausanne,53077.0
2023.0,5582,14810.0,604.0,Chexbres,34989.0
2023.0,5583,14832.0,1193.0,Forel (Lavaux),26620.0
2023.0,5584,14701.0,1632.0,Lutry,42431.0
2023.0,5585,14644.0,462.0,Puidoux,84582.0
2023.0,5586,14649.0,9079.0,Rivaz,30639.0
2023.0,5587,14647.0,1579.0,Saint-Saphorin (Lavaux),41546.0
2023.0,5588,14568.0,226.0,Savigny,57190.0
2023.0,5589,14575.0,807.0,Bourg-en-Lavaux,26900.0
2023.0,5590,14574.0,1922.0,Aclens,55136.0
2023.0,5591,14580.0,1621.0,Bremblens,21559.0
2023.0,5592,14605.0,412.0,Buchillon,31065.0
2023.0,5601,14806.0,432.0,Bussigny,40983.0
2023.0,5604,14753.0,514.0,Bussy-Chardonney,35182.0
2023.0,5606,14640.0,1967.0,Chavannes-près-Renens,61912.0
2023.0,5607,14573.0,575.0,Chigny,31589.0
2023.0,5609,14602.0,97.0,Clarmont,43447.0
2023.0,5610,14588.0,137.0,Denens,49480.0
2023.0,5611,14584.0,968.0,Denges,38418.0
2023.0,5613,15493.0,1601.0,Echandens,52729.0
2023.0,5621,14781.0,133.0,Echichens,36720.0
2023.0,5622,14770.0,155.0,Ecublens (VD),50822.0
2023.0,5623,14844.0,238.0,Etoy,75581.0
2023.0,5624,15651.0,1155.0,Lavigny,30098.0
,5625,,,Lonay,45173.0
2023.0,5627,14860.0,298.0,Lully (VD),19374.0
2023.0,5628,14815.0,101.0,Lussy-sur-Morges,61179.0
2023.0,5629,14816.0,52.0,Morges,44448.0
2023.0,5631,14824.0,194.0,Préverenges,47942.0
2023.0,5632,14822.0,323.0,Reverolle,37895.0
2023.0,5633,14718.0,593.0,Romanel-sur-Morges,42870.0
2023.0,5634,15494.0,655.0,Saint-Prex,45850.0
2023.0,5635,14721.0,1059.0,Saint-Sulpice (VD),26739.0
2023.0,5636,14703.0,532.0,Tolochenaz,38237.0
2023.0,5637,14650.0,227.0,Vaux-sur-Morges,36332.0
2023.0,5638,14622.0,596.0,Villars-Sainte-Croix,46838.0
2023.0,5639,14636.0,231.0,Villars-sous-Yens,53732.0
2023.0,5640,14637.0,201.0,Vufflens-le-Château,75676.0
2023.0,5642,14690.0,1354.0,Vullierens,37272.0
2023.0,5643,14570.0,609.0,Yens,41122.0
,5644,,,Boulens,38813.0
2023.0,5645,14606.0,133.0,Bussy-sur-Moudon,44829.0
2023.0,5646,14587.0,893.0,Chavannes-sur-Moudon,44839.0
2023.0,5648,14590.0,677.0,Curtilles,52277.0
2023.0,5649,14880.0,323.0,Dompierre (VD),37828.0
2023.0,5650,14874.0,51.0,Hermenches,218168.0
2023.0,5651,14885.0,207.0,Lovatens,43003.0
2023.0,5652,14882.0,148.0,Lucens,40680.0
2023.0,5653,14907.0,242.0,Moudon,55027.0
2023.0,5654,14901.0,158.0,Ogens,36246.0
2023.0,5655,14913.0,393.0,Prévonloup,49913.0
2023.0,5656,16612.0,1045.0,Rossenges,
2023.0,5661,14767.0,108.0,Syens,35412.0
2023.0,5663,14841.0,84.0,Villars-le-Comte,29039.0
2023.0,5665,14856.0,74.0,Vucherens,28833.0
2023.0,5669,14821.0,112.0,Montanaire,30788.0
2023.0,5671,14715.0,91.0,Arnex-sur-Nyon,
2023.0,5673,14698.0,110.0,Arzier-Le Muids,31371.0
2023.0,5674,14623.0,51.0,Bassins,
2023.0,5675,16073.0,823.0,Begnins,22590.0
2023.0,5678,14685.0,923.0,Bogis-Bossey,19400.0
2023.0,5680,14665.0,100.0,Borex,28898.0
2023.0,5683,14571.0,63.0,Chavannes-de-Bogis,28318.0
2023.0,5684,14611.0,29.0,Chavannes-des-Bois,
2023.0,5688,14898.0,44.0,Chéserex,40150.0
2023.0,5690,14888.0,56.0,Coinsins,
2023.0,5692,14909.0,183.0,Commugny,33274.0
2023.0,5693,15616.0,811.0,Coppet,29668.0
2023.0,5701,14779.0,54.0,Crans-près-Céligny,41121.0
2023.0,5702,15652.0,894.0,Crassier,49943.0
2023.0,5703,14788.0,432.0,Duillier,43107.0
2023.0,5704,14761.0,363.0,Eysins,52365.0
2023.0,5705,14776.0,267.0,Founex,47872.0
2023.0,5706,14775.0,270.0,Genolier,51179.0
2023.0,5707,14859.0,343.0,Gingins,46851.0
2023.0,5708,14858.0,253.0,Givrins,52791.0
2023.0,5709,14809.0,318.0,Gland,53419.0
2023.0,5710,14817.0,125.0,Grens,52148.0
2023.0,5711,14799.0,861.0,Mies,61916.0
2023.0,5712,14794.0,773.0,Nyon,68951.0
2023.0,5713,16609.0,669.0,Prangins,70821.0
2023.0,5714,14835.0,269.0,La Rippe,46447.0
2023.0,5715,14711.0,248.0,Saint-Cergue,48863.0
2023.0,5716,14706.0,239.0,Signy-Avenex,45671.0
2023.0,5717,14750.0,914.0,Tannay,61778.0
2023.0,5718,14726.0,602.0,Trélex,63902.0
2023.0,5719,14731.0,389.0,Le Vaud,61782.0
2023.0,5720,14735.0,310.0,Vich,58386.0
2023.0,5721,14733.0,1220.0,L'Abergement,36580.0
2023.0,5722,14728.0,98.0,Agiez,47563.0
2023.0,5723,14680.0,577.0,Arnex-sur-Orbe,65002.0
2023.0,5724,14659.0,1872.0,Ballaigues,43993.0
2023.0,5725,14582.0,850.0,Baulmes,51695.0
2023.0,5726,14658.0,286.0,Bavois,47683.0
2023.0,5727,14613.0,993.0,Bofflens,36566.0
2023.0,5728,14598.0,137.0,Bretonnières,48694.0
2023.0,5729,14897.0,501.0,Chavornay,60169.0
2023.0,5730,14879.0,441.0,Les Clées,64486.0
2023.0,5731,14639.0,482.0,Croy,45612.0
2023.0,5732,14892.0,232.0,Juriens,48765.0
2023.0,5741,14653.0,94.0,Lignerolle,36837.0
2023.0,5742,14783.0,92.0,Montcherand,27450.0
2023.0,5743,14778.0,184.0,Orbe,32356.0
2023.0,5744,14785.0,236.0,La Praz,25482.0
2023.0,5745,14787.0,258.0,Premier,29714.0
2023.0,5746,14786.0,230.0,Rances,32655.0
2023.0,5747,14773.0,69.0,Romainmôtier-Envy,29692.0
2023.0,5748,14769.0,87.0,Sergey,27436.0
2023.0,5749,16074.0,945.0,Valeyres-sous-Rances,28175.0
2023.0,5750,14627.0,59.0,Vallorbe,33506.0
2023.0,5752,14831.0,119.0,Vaulion,30520.0
2023.0,5754,14643.0,97.0,Vuiteboeuf,32846.0
2023.0,5755,14621.0,127.0,Corcelles-le-Jorat,28280.0
2023.0,5756,14689.0,135.0,Essertes,37719.0
2023.0,5757,14673.0,1154.0,Maracon,26560.0
2023.0,5758,14655.0,63.0,Montpreveyres,36091.0
2023.0,5759,14569.0,86.0,Ropraz,29200.0
2023.0,5760,14553.0,142.0,Servion,33245.0
2023.0,5761,14549.0,175.0,Vulliens,28574.0
2023.0,5762,14595.0,42.0,Jorat-Menthue,27817.0
2023.0,5763,14868.0,174.0,Oron,35675.0
2023.0,5764,14866.0,829.0,Jorat-Mézières,23230.0
2023.0,5765,14873.0,180.0,Champtauroz,26530.0
2023.0,5766,14903.0,150.0,Chevroux,28986.0
2023.0,5785,14792.0,149.0,Corcelles-près-Payerne,39074.0
,5788,,,Grandcour,35817.0
2023.0,5790,14545.0,170.0,Henniez,33061.0
2023.0,5792,14697.0,157.0,Missy,32446.0
2023.0,5798,14607.0,117.0,Payerne,29556.0
2023.0,5799,15505.0,603.0,Trey,36733.0
2023.0,5803,14902.0,173.0,Treytorrens (Payerne),33835.0
2023.0,5804,15491.0,411.0,Villarzel,31505.0
2023.0,5805,16617.0,1259.0,Valbroye,27083.0
2023.0,5806,15687.0,754.0,Château-d'Oex,33258.0
2023.0,5812,14852.0,60.0,Rossinière,25404.0
2023.0,5813,14807.0,245.0,Rougemont,31555.0
2023.0,5816,14805.0,585.0,Allaman,24562.0
2023.0,5817,14729.0,297.0,Bursinel,27786.0
2023.0,5819,14707.0,97.0,Bursins,24767.0
2023.0,5821,14682.0,114.0,Burtigny,25843.0
2023.0,5822,14560.0,1603.0,Dully,22125.0
2023.0,5827,14877.0,95.0,Essertines-sur-Rolle,28095.0
2023.0,5828,14881.0,47.0,Gilly,25879.0
2023.0,5830,14542.0,164.0,Luins,28082.0
2023.0,5831,15496.0,914.0,Mont-sur-Rolle,26022.0
2023.0,5841,14845.0,1459.0,Perroy,27126.0
2023.0,5842,14609.0,271.0,Rolle,26158.0
2023.0,5843,14618.0,644.0,Tartegnin,51629.0
2023.0,5851,14782.0,140.0,Vinzel,44130.0
2023.0,5852,14837.0,114.0,L'Abbaye,55350.0
2023.0,5853,14840.0,187.0,Le Chenit,48813.0
2023.0,5854,14842.0,113.0,Le Lieu,33745.0
2023.0,5855,14712.0,189.0,Blonay,82678.0
2023.0,5856,14704.0,202.0,Chardonne,44924.0
2023.0,5857,14739.0,342.0,Corseaux,51714.0
2023.0,5858,14638.0,156.0,Corsier-sur-Vevey,48663.0
2023.0,5859,14694.0,595.0,Jongny,46196.0
2023.0,5860,14558.0,358.0,Montreux,48356.0
2023.0,5861,14604.0,737.0,Saint-Légier-La Chiésaz,41758.0
2023.0,5862,14894.0,59.0,La Tour-de-Peilz,39883.0
2023.0,5863,14916.0,89.0,Vevey,44532.0
2023.0,5871,14654.0,544.0,Veytaux,32281.0
2023.0,5872,14646.0,1221.0,Belmont-sur-Yverdon,30576.0
2023.0,5873,14648.0,356.0,Bioley-Magnoux,31511.0
,5881,,,Chamblon,49853.0
2023.0,5882,14846.0,853.0,Champvent,49892.0
2023.0,5883,14802.0,521.0,Chavannes-le-Chêne,58372.0
2023.0,5884,14833.0,578.0,Chêne-Pâquier,32795.0
2023.0,5885,14642.0,516.0,Cheseaux-Noréaz,50092.0
2023.0,5886,14550.0,3456.0,Cronay,32123.0
,5888,,,Cuarny,49955.0
2023.0,5889,14656.0,1438.0,Démoret,41301.0
2023.0,5890,14872.0,1246.0,Donneloye,29023.0
2023.0,5891,14876.0,189.0,Ependes (VD),35206.0
2023.0,5892,16618.0,3335.0,Mathod,
2023.0,5902,14759.0,126.0,Molondin,32761.0
2023.0,5903,14756.0,83.0,Montagny-près-Yverdon,29600.0
2023.0,5904,14864.0,140.0,Oppens,38634.0
2023.0,5905,15506.0,174.0,Orges,29148.0
2023.0,5907,14857.0,112.0,Orzens,32590.0
2023.0,5908,14862.0,57.0,Pomy,
2023.0,5909,14811.0,281.0,Rovray,48275.0
2023.0,5910,14836.0,141.0,Suchy,31074.0
2023.0,5911,14829.0,73.0,Suscévaz,36612.0
2023.0,5912,14820.0,48.0,Treycovagnes,25268.0
2023.0,5913,15507.0,260.0,Ursins,31784.0
2023.0,5914,14699.0,105.0,Valeyres-sous-Montagny,28212.0
2023.0,5919,14634.0,150.0,Valeyres-sous-Ursins,28604.0
2023.0,5921,14678.0,86.0,Villars-Epeney,24617.0
2023.0,5922,14691.0,228.0,Vugelles-La Mothe,33110.0
2023.0,5923,14666.0,66.0,Yverdon-les-Bains,28180.0
2023.0,5924,14671.0,94.0,Yvonand,32176.0
2023.0,5925,14563.0,72.0,Brig-Glis,31186.0
2023.0,5926,14579.0,223.0,Eggerberg,31633.0
2023.0,5928,14544.0,63.0,Naters,31994.0
2023.0,5929,14896.0,166.0,Ried-Brig,32714.0
2023.0,5930,14899.0,61.0,Simplon,28725.0
2023.0,5931,14878.0,130.0,Termen,35466.0
2023.0,5932,14870.0,65.0,Zwischbergen,32764.0
2023.0,5933,14869.0,220.0,Ardon,34565.0
2023.0,5934,14871.0,72.0,Chamoson,32085.0
2023.0,5935,14883.0,31.0,Conthey,51054.0
2023.0,5937,14906.0,44.0,Nendaz,26181.0
2023.0,5938,15497.0,2964.0,Vétroz,24371.0
2023.0,5939,14912.0,785.0,Bagnes,29431.0
2023.0,6002,13228.0,1951.0,Bourg-Saint-Pierre,31539.0
2023.0,6004,12132.0,233.0,Liddes,28336.0
2023.0,6007,15617.0,2775.0,Orsières,29309.0
2023.0,6008,13759.0,838.0,Sembrancher,28656.0
2023.0,6009,12984.0,350.0,Vollèges,31217.0
2023.0,6010,10560.0,568.0,Bellwald,30497.0
2023.0,6011,10159.0,71.0,Binn,41493.0
2023.0,6021,11763.0,874.0,Ernen,23977.0
2023.0,6022,11418.0,1757.0,Fiesch,27200.0
2023.0,6023,11635.0,3137.0,Fieschertal,25437.0
2023.0,6024,12518.0,4625.0,Lax,31530.0
2023.0,6025,10923.0,1644.0,Obergoms,25641.0
,6031,,,Goms,58369.0
2023.0,6032,11846.0,162.0,Ayent,26013.0
2023.0,6033,12790.0,462.0,Evolène,22689.0
2023.0,6034,13134.0,1961.0,Hérémence,26398.0
2023.0,6035,13002.0,395.0,Saint-Martin (VS),23716.0
,6036,,,Vex,26246.0
2023.0,6037,16601.0,5783.0,Mont-Noble,
2023.0,6052,11883.0,754.0,Agarn,27742.0
2023.0,6054,11892.0,202.0,Albinen,22064.0
2023.0,6056,14504.0,571.0,Ergisch,29307.0
2023.0,6057,12018.0,584.0,Inden,28042.0
2023.0,6058,12017.0,190.0,Leuk,23865.0
2023.0,6061,12609.0,200.0,Leukerbad,21124.0
2023.0,6076,14958.0,592.0,Oberems,25112.0
2023.0,6077,16075.0,1271.0,Salgesch,26776.0
2023.0,6082,11666.0,2157.0,Varen,29102.0
2023.0,6083,12255.0,1591.0,Guttet-Feschel,29347.0
2023.0,6084,12298.0,1366.0,Gampel-Bratsch,33752.0
2023.0,6087,13032.0,809.0,Turtmann-Unterems,26972.0
2023.0,6089,10925.0,1239.0,Bovernier,30942.0
2023.0,6090,15485.0,1229.0,Charrat,34641.0
2023.0,6101,11720.0,265.0,Fully,27078.0
2023.0,6102,11730.0,322.0,Isérables,26940.0
2023.0,6104,12307.0,334.0,Leytron,31619.0
2023.0,6109,12656.0,110.0,Martigny,27014.0
2023.0,6110,15618.0,1488.0,Martigny-Combe,25927.0
2023.0,6111,12777.0,579.0,Riddes,25323.0
2023.0,6112,12464.0,157.0,Saillon,22445.0
2023.0,6113,13035.0,543.0,Saxon,32151.0
2023.0,6116,10938.0,286.0,Trient,24809.0
2023.0,6117,14133.0,373.0,Champéry,26430.0
2023.0,6118,14959.0,821.0,Collombey-Muraz,27701.0
2023.0,6119,15619.0,485.0,Monthey,25703.0
2023.0,6131,11850.0,411.0,Port-Valais,22760.0
,6132,,,Saint-Gingolph,23710.0
2023.0,6133,12089.0,2445.0,Troistorrents,27124.0
2023.0,6134,12663.0,502.0,Val-d'Illiez,24296.0
2023.0,6135,12767.0,1543.0,Vionnaz,29472.0
2023.0,6136,16602.0,2699.0,Vouvry,28124.0
2023.0,6137,12756.0,1246.0,Bister,30818.0
2023.0,6139,12917.0,1707.0,Bitsch,26100.0
2023.0,6140,12871.0,880.0,Grengiols,27138.0
2023.0,6141,13058.0,1814.0,Riederalp,22905.0
2023.0,6142,10891.0,143.0,Ausserberg,25354.0
2023.0,6151,11415.0,991.0,Blatten,40893.0
2023.0,6152,11596.0,2022.0,Bürchen,27337.0
2023.0,6153,12323.0,2694.0,Eischoll,28220.0
2023.0,6154,13075.0,1178.0,Ferden,28249.0
2023.0,6155,12863.0,479.0,Kippel,28995.0
2023.0,6156,10897.0,2434.0,Niedergesteln,30827.0
2023.0,6157,10933.0,1217.0,Raron,28902.0
2023.0,6158,10078.0,912.0,Unterbäch,30560.0
2023.0,6159,10372.0,1048.0,Wiler (Lötschen),26846.0
2023.0,6172,11807.0,39.0,Mörel-Filet,34426.0
2023.0,6173,11808.0,321.0,Steg-Hohtenn,27131.0
2023.0,6177,12079.0,348.0,Bettmeralp,21809.0
2023.0,6181,14468.0,616.0,Collonges,27235.0
2023.0,6191,11675.0,285.0,Dorénaz,30977.0
2023.0,6192,11818.0,225.0,Evionnaz,30982.0
2023.0,6193,11485.0,717.0,Finhaut,27863.0
2023.0,6194,12151.0,330.0,Massongex,26149.0
2023.0,6195,11995.0,181.0,Saint-Maurice,26798.0
2023.0,6197,12686.0,199.0,Salvan,29066.0
2023.0,6198,12511.0,291.0,Vernayaz,27507.0
2023.0,6199,13162.0,527.0,Vérossaz,28036.0
2023.0,6201,10860.0,385.0,Chalais,31902.0
2023.0,6202,10337.0,461.0,Chippis,25836.0
2023.0,6203,14960.0,381.0,Grône,24038.0
2023.0,6204,14961.0,458.0,Icogne,28042.0
2023.0,6205,15649.0,639.0,Lens,34294.0
2023.0,6211,11598.0,341.0,Miège,27173.0
2023.0,6212,12207.0,386.0,Saint-Léonard,24457.0
2023.0,6213,12256.0,411.0,Sierre,25120.0
2023.0,6214,12010.0,275.0,Venthône,32244.0
2023.0,6215,12741.0,420.0,Veyras,27650.0
2023.0,6217,15620.0,1059.0,Anniviers,22847.0
2023.0,6218,13016.0,981.0,Crans-Montana,27794.0
2023.0,6219,10917.0,499.0,Arbaz,23716.0
2023.0,6220,10919.0,324.0,Grimisuat,27291.0
2023.0,6232,11396.0,1850.0,Savièse,27208.0
2023.0,6235,11610.0,274.0,Sion,22010.0
2023.0,6238,12044.0,1054.0,Veysonnaz,23718.0
2023.0,6239,12187.0,390.0,Baltschieder,41678.0
2023.0,6240,12797.0,1618.0,Eisten,50910.0
,6241,,,Embd,30400.0
2023.0,6246,12857.0,717.0,Grächen,27694.0
2023.0,6248,13227.0,2908.0,Lalden,25811.0
,6249,,,Randa,36093.0
,6250,,,Saas-Almagell,29609.0
2023.0,6252,14962.0,3362.0,Saas-Balen,34443.0
2023.0,6253,16077.0,3676.0,Saas-Fee,39218.0
2023.0,6254,16603.0,1442.0,Saas-Grund,
2023.0,6261,11758.0,802.0,St. Niklaus,30290.0
2023.0,6263,12094.0,1103.0,Stalden (VS),33060.0
2023.0,6265,13061.0,3185.0,Staldenried,33466.0
2023.0,6266,16076.0,5038.0,Täsch,29456.0
2023.0,6267,10907.0,312.0,Törbel,30512.0
2023.0,6281,11714.0,291.0,Visp,29649.0
2023.0,6282,12150.0,107.0,Visperterminen,27357.0
2023.0,6283,12293.0,148.0,Zeneggen,25344.0
2023.0,6285,12040.0,759.0,Zermatt,25141.0
2023.0,6286,12598.0,180.0,Boudry,30932.0
2023.0,6287,13180.0,196.0,Corcelles-Cormondrèche,23208.0
2023.0,6288,14927.0,149.0,Cortaillod,24396.0
2023.0,6289,14928.0,224.0,Peseux,28121.0
2023.0,6290,14929.0,666.0,Rochefort,30033.0
2023.0,6291,14930.0,387.0,Milvignes,24586.0
2023.0,6292,10375.0,902.0,La Grande Béroche,24178.0
2023.0,6293,10573.0,361.0,La Chaux-de-Fonds,29666.0
2023.0,6294,10574.0,287.0,Les Planchettes,27585.0
2023.0,6295,10555.0,264.0,La Sagne,19626.0
2023.0,6296,10877.0,292.0,Les Brenets,27833.0
2023.0,6297,13226.0,954.0,La Brévine,31203.0
2023.0,6298,10419.0,629.0,Brot-Plamboz,29723.0
2023.0,6299,10330.0,237.0,Le Cerneux-Péquignot,27457.0
2023.0,6300,10315.0,1517.0,La Chaux-du-Milieu,34023.0
2023.0,6404,16089.0,901.0,Le Locle,28781.0
,6407,,,Les Ponts-de-Martel,37182.0
2023.0,6408,16091.0,922.0,Cornaux,33060.0
,6412,,,Cressier (NE),26231.0
2023.0,6413,16093.0,522.0,Enges,33071.0
2023.0,6416,16094.0,1877.0,Hauterive (NE),36952.0
2023.0,6417,16121.0,2371.0,Le Landeron,36244.0
2023.0,6421,16095.0,4517.0,Lignières,24889.0
2023.0,6422,16096.0,103.0,Neuchâtel,27049.0
2023.0,6423,16097.0,334.0,Saint-Blaise,25606.0
,6431,,,La Tène,30042.0
2023.0,6432,16099.0,283.0,Valangin,26196.0
2023.0,6433,16100.0,138.0,Val-de-Ruz,
2023.0,6434,16101.0,111.0,La Côte-aux-Fées,28346.0
2023.0,6435,16102.0,164.0,Les Verrières,24340.0
2023.0,6436,16605.0,2041.0,Val-de-Travers,23064.0
2023.0,6437,16104.0,334.0,Aire-la-Ville,24951.0
2023.0,6451,16105.0,291.0,Anières,27939.0
2023.0,6452,16106.0,436.0,Avully,26867.0
2023.0,6453,16107.0,105.0,Avusy,29913.0
2023.0,6454,16108.0,391.0,Bardonnex,33655.0
2023.0,6455,16109.0,1009.0,Bellevue,30071.0
2023.0,6456,16110.0,277.0,Bernex,26647.0
2023.0,6458,16604.0,5641.0,Carouge (GE),30304.0
2023.0,6459,16112.0,663.0,Cartigny,39104.0
2023.0,6461,16113.0,1061.0,Céligny,29046.0
,6485,,,Chancy,24532.0
2023.0,6487,16115.0,4023.0,Chêne-Bougeries,29160.0
2023.0,6504,16116.0,181.0,Chêne-Bourg,20202.0
2023.0,6511,16117.0,252.0,Choulex,21976.0
2023.0,6512,16118.0,2786.0,Collex-Bossy,24457.0
2023.0,6601,11726.0,309.0,Collonge-Bellerive,45359.0
2023.0,6602,11776.0,674.0,Cologny,107242.0
2023.0,6603,11664.0,263.0,Confignon,35739.0
2023.0,6604,11665.0,406.0,Corsier (GE),53103.0
2023.0,6605,11692.0,441.0,Dardagny,42953.0
2023.0,6606,11880.0,722.0,Genève,36541.0
2023.0,6607,11853.0,1642.0,Genthod,41854.0
2023.0,6608,11400.0,1130.0,Le Grand-Saconnex,34801.0
2023.0,6609,11411.0,261.0,Gy,53332.0
2023.0,6610,11387.0,215.0,Hermance,59409.0
2023.0,6611,11439.0,289.0,Jussy,32190.0
2023.0,6612,11431.0,1883.0,Laconnex,62935.0
2023.0,6613,11535.0,830.0,Lancy,32118.0
2023.0,6614,11586.0,312.0,Meinier,64012.0
2023.0,6615,11595.0,407.0,Meyrin,41732.0
2023.0,6616,11597.0,2190.0,Onex,80426.0
2023.0,6617,11599.0,1071.0,Perly-Certoux,155208.0
2023.0,6618,11651.0,811.0,Plan-les-Ouates,46146.0
2023.0,6619,11569.0,541.0,Pregny-Chambésy,76321.0
2023.0,6620,11582.0,282.0,Presinge,32270.0
2023.0,6621,12099.0,7333.0,Puplinge,35399.0
2023.0,6622,12097.0,831.0,Russin,80281.0
2023.0,6623,12606.0,1161.0,Satigny,27748.0
2023.0,6624,11959.0,145.0,Soral,63456.0
2023.0,6625,12296.0,356.0,Thônex,61816.0
2023.0,6626,12642.0,294.0,Troinex,65163.0
2023.0,6627,12575.0,202.0,Vandoeuvres,48034.0
2023.0,6628,12624.0,1963.0,Vernier,30733.0
2023.0,6629,12409.0,342.0,Versoix,46989.0
2023.0,6630,12430.0,1530.0,Veyrier,24520.0
2023.0,6631,12484.0,1310.0,Boécourt,30175.0
2023.0,6632,13155.0,366.0,Bourrignon,38417.0
2023.0,6633,13114.0,1849.0,Châtillon (JU),41620.0
2023.0,6634,13110.0,1071.0,Courchapoix,55664.0
2023.0,6635,13107.0,151.0,Courrendlin,47346.0
2023.0,6636,13094.0,364.0,Courroux,41133.0
2023.0,6637,12872.0,149.0,Courtételle,78033.0
2023.0,6638,13051.0,698.0,Delémont,39290.0
2023.0,6639,10414.0,198.0,Develier,44973.0
2023.0,6640,10569.0,1862.0,Ederswiler,36285.0
2023.0,6641,10896.0,644.0,Mervelier,58200.0
2023.0,6642,10942.0,845.0,Mettembert,102504.0
2023.0,6643,10918.0,2482.0,Movelier,23513.0
2023.0,6644,10921.0,1454.0,Pleigne,33054.0
2023.0,6645,10902.0,2738.0,Rossemaison,55747.0
2023.0,6702,13273.0,361.0,Saulcy,28020.0
2023.0,6703,13274.0,93.0,Soyhières,
2023.0,6704,13275.0,154.0,Haute-Sorne,30810.0
2023.0,6706,13277.0,154.0,Val Terbi,25236.0
2023.0,6708,16127.0,942.0,Le Bémont (JU),24499.0
2023.0,6709,13280.0,917.0,Les Bois,29255.0
2023.0,6710,13281.0,649.0,Les Breuleux,29013.0
2023.0,6711,13282.0,2438.0,La Chaux-des-Breuleux,27238.0
2023.0,6712,13283.0,455.0,Les Enfers,28156.0
2023.0,6713,13284.0,57.0,Les Genevez (JU),
2023.0,6715,13286.0,207.0,Lajoux (JU),
2023.0,6716,13680.0,52.0,Montfaucon,29154.0
2023.0,6718,13289.0,223.0,Muriaux,27377.0
2023.0,6719,13290.0,176.0,Le Noirmont,26519.0
2023.0,6721,13292.0,223.0,Saignelégier,34534.0
2023.0,6722,13293.0,111.0,Saint-Brais,
2023.0,6724,13295.0,149.0,Soubey,27121.0
2023.0,6729,15624.0,2255.0,Alle,24814.0
2023.0,6730,16119.0,1146.0,Beurnevésin,25926.0
2023.0,6741,13299.0,130.0,Boncourt,26355.0
2023.0,6742,13300.0,399.0,Bonfol,31241.0
2023.0,6743,16624.0,461.0,Bure,36895.0
,6744,,,Coeuve,
2023.0,6745,13303.0,54.0,Cornol,24383.0
2023.0,6748,13306.0,219.0,Courchavon,27894.0
2023.0,6750,13308.0,267.0,Courgenay,26612.0
2023.0,6751,14967.0,265.0,Courtedoux,26160.0
2023.0,6753,14968.0,204.0,Damphreux,32421.0
2023.0,6754,13312.0,572.0,Fahy,28773.0
2023.0,6757,14966.0,763.0,Fontenais,28201.0
2023.0,6758,13316.0,115.0,Grandfontaine,23696.0
2023.0,6759,13317.0,149.0,Lugnez,24836.0
2023.0,6771,13318.0,660.0,Porrentruy,25453.0
2023.0,6773,13320.0,66.0,Vendlincourt,30514.0
2023.0,6774,13321.0,549.0,Basse-Allaine,31042.0
2023.0,6775,13322.0,313.0,Clos du Doubs,26101.0
2023.0,6778,13325.0,284.0,Haute-Ajoie,28795.0
2023.0,6781,13328.0,294.0,La Baroche,26321.0
2023.0,6782,13329.0,385.0,,25672.0
2023.0,6783,13330.0,135.0,,28640.0
2023.0,6784,13331.0,794.0,,26189.0
2023.0,6785,13332.0,324.0,,27662.0
,6787,,,,26303.0
2023.0,6789,13336.0,196.0,,26475.0
2023.0,6790,15626.0,650.0,,27622.0
2023.0,6792,13339.0,204.0,,23325.0
,6793,,,,22763.0
2023.0,6800,13347.0,1686.0,,28858.0
2023.0,6806,13353.0,217.0,,25137.0
2023.0,6807,14970.0,564.0,,23000.0
2023.0,6808,14965.0,673.0,,23838.0
2023.0,6809,16120.0,560.0,,26213.0
2023.0,6810,14969.0,545.0,,24610.0
2023.0,6811,16627.0,175.0,,
