branch_id,branch_name,branch_type,city,inner_population,outer_population,population_score,area_coverage,reach_factor,income_per_capita,income_score,pop_income_score,total_score
24580,Münchenstein - Gartenstadt,mm,Münchenstein,38563.0,185993.0,1.0,0.9041782813333332,0.8634,37356.0,0.1900923076923077,0.2209514789464388,0.649384413594416
73740,Cham - Neudorf,m,Cham,25174.0,51274.0,1.0,0.7827939070666666,0.7475,49618.0,0.3787384615384615,0.11275920883480431,0.6296083154879866
94220,Neuhausen,m,Neuhausen,22097.0,41009.0,0.8626466666666667,0.9371668834666668,0.8949,0.0,0.0,0.0,0.5357173766933334
73750,Brunnen - Bahnhofsmärcht,m,Brunnen,9730.0,13992.0,0.3527466666666667,0.4256142916,0.4064,0.0,0.0,0.0,0.23158685832000003
94230,Rüti ZH,mm,Rüti,21953.0,47132.0,0.8996266666666667,0.9216104916000001,0.8801,0.0,0.0,0.0,0.5422200983200001
24600,Aesch,mm,Aesch,22492.0,45292.0,0.9017333333333334,0.8044244288,0.7682,0.0,0.0,0.0,0.50822488576
73760,Unterägeri,m,Unterägeri,11899.0,4818.0,0.3494266666666667,0.6813350452,0.6506,49036.0,0.3697846153846154,0.0,0.3801119321169231
24610,Ettingen,mm,Ettingen,17475.0,59460.0,0.7993333333333332,0.9000815662666667,0.8595,40654.0,0.24083076923076924,0.06113547330895618,0.5661595617612785
73770,Luzern - Bruchstrasse,m,Luzern,87735.0,75901.0,1.0,0.9268840720000001,0.8851,36474.0,0.17652307692307692,0.16295826913028258,0.6417830836106719
94250,Winterthur - Oberwinterthur,m,Winterthur,44458.0,70908.0,1.0,1.0,1.0,32488.0,0.1152,0.07728090277920856,0.6384961805558417
73780,Willisau - Chrüzhof,m,Willisau,6752.0,8278.0,0.23524,0.9765747809333333,0.9326,27634.0,0.040523076923076926,0.0,0.3672515715712821
94260,Winterthur - Töss,m,Winterthur,55801.0,61447.0,1.0,0.9862455833333333,0.9418,32488.0,0.1152,0.0865412856034043,0.6317773737873474
24630,Arlesheim,mm,Arlesheim,34274.0,47016.0,0.9801066666666666,0.8626129092,0.8237,53910.0,0.44476923076923075,0.1125857599528011,0.6603955799844063
73790,Goldau,m,Goldau,10724.0,5304.0,0.3213333333333333,0.5122561178666667,0.4892,0.0,0.0,0.0,0.24777122357333337
94270,Winterthur - Seen,mm,Winterthur,43022.0,62854.0,1.0,0.9286339496,0.8868,32488.0,0.1152,0.08159752276842265,0.6137662944736846
73800,Horw,m,Horw,38548.0,71489.0,1.0,0.5690238878666667,0.5434,52350.0,0.4207692307692308,0.27164803156563627,0.6066282300403067
73810,Zell,m,Zell LU,2482.0,4530.0,0.09638666666666666,0.8038243522666667,0.7676,0.0,0.0,0.0,0.2664408704533333
94290,Effretikon - Effi-Märt,mm,Effretikon,19100.0,53186.0,0.8426666666666667,1.0,0.9735,0.0,0.0,0.0,0.55015
73820,Rotkreuz,m,Rotkreuz,12948.0,26412.0,0.52136,0.7034350192,0.6717,0.0,0.0,0.0,0.36426500384
94300,Stein am Rhein,m,Stein am Rhein,6468.0,4221.0,0.20062000000000002,0.8469204142666666,0.8087,34109.0,0.14013846153846155,0.0,0.33846777516102566
73830,Schüpfheim,m,Schüpfheim,3151.0,2141.0,0.09830000000000001,0.5763652713333334,0.5504,23864.0,0.0,0.0,0.1998030542666667
94310,Schaffhausen - Vorstadt,mm,Schaffhausen,46165.0,18735.0,0.7915666666666666,1.0,0.9637,33418.0,0.1295076923076923,0.0,0.5597415384615385
73840,Luzern - Allmend,m,Luzern,69447.0,60494.0,1.0,0.6269857861333333,0.5987,36474.0,0.17652307692307692,0.18596960711867744,0.5577656940350175
94320,Embrach,mm,Embrach,13524.0,39329.0,0.6228333333333333,0.8822900762666667,0.8425,31069.0,0.09336923076923077,0.0,0.4662318614071795
73850,Baar,m,Baar,40705.0,34189.0,0.8945933333333334,0.8683491917333334,0.8292,54732.0,0.4574153846153846,0.087308175058215,0.6339125502813866
94330,Frauenfeld - Passage,mm,Frauenfeld,26779.0,12485.0,0.7498999999999999,1.0,0.9693,35194.0,0.15683076923076922,0.0,0.5532661538461539
73860,Ruswil,m,Ruswil,5065.0,9511.0,0.19847333333333336,0.8714838322666667,0.8322,27527.0,0.03887692307692308,0.0,0.32483415106871805
94340,Pfäffikon ZH,mm,Pfäffikon,13238.0,39040.0,0.61328,0.9953013338666667,0.9504,39312.0,0.2201846153846154,0.0,0.5221211898502565
73870,Egolzwil - Schötz,m,Egolzwil,7799.0,11805.0,0.28667333333333334,0.8459719093333333,0.8078,34058.0,0.13935384615384616,0.0,0.363847151097436
24720,Allschwil - Paradies,mmm,Allschwil,84133.0,155457.0,1.0,0.9809510617333332,0.9367,40351.0,0.23616923076923077,0.24334059519488815,0.6857621775394904
73880,Hitzkirch,m,Hitzkirch,4556.0,5413.0,0.15758000000000003,0.8601660953333333,0.8214,31778.0,0.10427692307692307,0.0,0.3223026036820513
73890,Engelberg,m,Engelberg,3792.0,550.0,0.10478666666666668,0.2826466092,0.2699,67669.0,0.6564461538461539,0.0,0.2462445526092308
73910,Sempach Station,m,Sempach Station,8273.0,11967.0,0.30039333333333335,0.7462064190666666,0.7126,0.0,0.0,0.0,0.3106192838133333
73920,Rain,m,Rain,3891.0,22950.0,0.25676000000000004,0.887159942,0.8472,35483.0,0.16127692307692307,0.0,0.3714353730153847
90311,Arnegg,m,Arnegg,5288.0,20675.0,0.2788466666666667,0.9374118094666666,0.8952,0.0,0.0,0.0,0.36065636189333333
90312,Schaan,m,Schaan,16520.0,20510.0,0.5772666666666667,0.84334039,0.8053,0.0,0.0,0.0,0.42237807800000005
90313,Gossau - Stadtbühlpark,m,Gossau SG,16460.0,32999.0,0.6589266666666667,0.9676767405333334,0.9241,0.0,0.0,0.0,0.4836233481066667
73930,Luzern - Grossmatte,m,Luzern,25308.0,108287.0,1.0,0.7461054316,0.7125,36474.0,0.17652307692307692,0.16496180081004286,0.588768061866624
90314,Degersheim,m,Degersheim,4146.0,9252.0,0.17223999999999998,0.6998906336,0.6683,23519.0,0.0,0.0,0.25848012672
90317,Heiden,m,Heiden,6447.0,9295.0,0.23388666666666666,0.6926118349333333,0.6614,31600.0,0.10153846153846154,0.0,0.295136059294359
90318,Herisau - Alpsteinstrasse,m,Herisau,14796.0,24865.0,0.5603266666666668,0.7823265546666667,0.7471,30473.0,0.0842,0.0,0.41611331093333337
90320,Aachtal,m,Amriswil,12141.0,11751.0,0.40210000000000007,1.0,0.9602,26713.0,0.026353846153846155,0.0,0.42192076923076927
90321,St. Gallen - Lachen,m,St.Gallen,45702.0,46937.0,0.97958,0.8496847317333334,0.8114,0.0,0.0,0.0,0.5449509463466666
90323,Au SG,m,Au SG,39278.0,33950.0,0.8930000000000001,0.9507400653333334,0.9079,0.0,0.0,0.0,0.5488380130666668
73940,Hünenberg Dorf,m,Hünenberg,15077.0,33066.0,0.6224933333333333,0.7579428116,0.7238,57666.0,0.5025538461538461,0.0,0.5112273315507692
90324,Rorschach - Promenade,m,Rorschach,26660.0,13341.0,0.7556066666666666,0.6213177082666667,0.5933,23959.0,0.0,0.0,0.41027554165333335
90325,Flums,m,Flums,4173.0,5213.0,0.14603333333333335,0.47752665679999995,0.456,24430.0,0.0,0.0,0.18491533136000002
90326,Rheineck,m,Rheineck,9724.0,20474.0,0.3958,0.6564352557333333,0.6268,26724.0,0.026523076923076924,0.0,0.3180116665312821
90327,Diepoldsau,m,Diepoldsau,13347.0,56044.0,0.6892533333333333,1.0,0.9569,30083.0,0.0782,0.0,0.5181060000000001
90328,Thal,m,Thal,8120.0,12130.0,0.2974,0.4611354396,0.4404,32165.0,0.11023076923076923,0.0,0.24753324176615385
90331,Oberriet,m,Oberriet,7551.0,12079.0,0.2818866666666667,0.9494682730666667,0.9067,0.0,0.0,0.0,0.36512965461333335
90333,Davos-Dorf,m,Davos Dorf,9483.0,1044.0,0.25984,0.39671826800000004,0.3788,0.0,0.0,0.0,0.19517565360000003
73950,Malters,m,Malters,5748.0,4214.0,0.18137333333333336,0.6073254097333333,0.58,29960.0,0.07630769230769231,0.0,0.24913862040820514
90334,Chur - Ringstrasse,m,Chur,36364.0,6495.0,0.7099666666666667,0.5237066492,0.5001,34798.0,0.15073846153846154,0.03907674211620884,0.4057043705709341
90335,St. Gallen - Langgasse,m,St. Gallen,54945.0,33428.0,0.8895200000000001,0.7929328687999999,0.7572,30935.0,0.09130769230769231,0.07021910823997837,0.5334679338695342
90336,St. Gallen - Neudorf,m,St. Gallen,45334.0,37005.0,0.9133666666666667,0.8127564786666667,0.7761,30935.0,0.09130769230769231,0.05965521586698523,0.5443638773682687
90337,Walenstadt,m,Walenstadt,5085.0,4792.0,0.16754666666666665,0.40219100746666664,0.3841,30789.0,0.08906153846153846,0.0,0.18692450918564102
90339,St. Gallen - Spisermarkt,m,St.Gallen,58240.0,38693.0,0.92462,0.8304838315999999,0.7931,0.0,0.0,0.0,0.5227927663199999
90341,Triesen,m,Triesen,6345.0,14560.0,0.2662666666666667,0.47260005653333337,0.4513,0.0,0.0,0.0,0.2195300113066667
73960,Dagmersellen,m,Dagmersellen,6806.0,13748.0,0.27314666666666665,0.8157308592,0.779,29703.0,0.07235384615384616,0.0,0.33746094107076924
90349,Kreuzlingen,m,Kreuzlingen,38733.0,58048.0,1.0,0.8830553188,0.8433,32125.0,0.10961538461538461,0.07495639282641976,0.5978554192483609
90351,Müllheim,m,Müllheim,4718.0,7665.0,0.17691333333333334,0.9154200025333333,0.8742,31312.0,0.09710769230769231,0.0,0.3429995389682051
90352,Horn,m,Horn,15481.0,39178.0,0.6740133333333334,0.5884965410666666,0.562,45241.0,0.3114,0.09081961240756523,0.45654723069484643
73970,Steinhausen Dorf,m,Steinhausen,20676.0,66051.0,0.8846933333333333,0.8235789048,0.7865,43920.0,0.29107692307692307,0.11431661319081597,0.5898524882135476
90361,Tägerwilen,m,Tägerwilen,22680.0,68488.0,0.9381333333333334,0.7149607058666666,0.6827,33965.0,0.13792307692307693,0.10358742253877143,0.541004241065703
90363,Bischofszell,m,Bischofszell,7338.0,8180.0,0.25021333333333334,0.9037334326666667,0.863,27742.0,0.04218461538461538,0.0,0.35054760961025644
73980,Kriens - Mattenhof,m,Kriens,64829.0,54757.0,1.0,0.6112617918666666,0.5837,31750.0,0.10384615384615385,0.13623392984246532,0.5286383751110572
90364,St. Gallen - Bruggen,m,St.Gallen,24881.0,63338.0,0.9968266666666666,0.7606679394666667,0.7264,0.0,0.0,0.0,0.5238215878933333
90368,Ebnat-Kappel,m,Ebnat-Kappel,4379.0,6710.0,0.1615066666666667,0.5450617617333333,0.5205,25216.0,0.003323076923076923,0.0,0.21017896773128203
90373,Bütschwil,m,Bütschwil,4666.0,7310.0,0.17315999999999998,0.7304025248,0.6975,0.0,0.0,0.0,0.26777850496
73990,Altdorf,m,Altdorf,18445.0,2572.0,0.5090133333333333,0.5019682108,0.4793,0.0,0.0,0.0,0.30102764216
90375,Goldach,m,Goldach,27294.0,18535.0,0.7902333333333332,0.6745504249333333,0.6441,32194.0,0.11067692307692308,0.0,0.4585254696020512
90376,Münchwilen,m,Münchwilen,15121.0,40966.0,0.6763333333333333,1.0,1.0,0.0,0.0,0.0,0.5029
90377,Sirnach,m,Sirnach,16032.0,38586.0,0.6847599999999999,1.0,0.9858,31883.0,0.10589230769230769,0.0,0.5251864615384616
90378,Kirchberg-Stelz,m,Kirchberg,11039.0,31595.0,0.5050066666666667,0.8323632517333334,0.7948,0.0,0.0,0.0,0.3974546503466667
90380,Bazenheid,m,Bazenheid,5481.0,11208.0,0.22088,0.7999071918666667,0.7639,0.0,0.0,0.0,0.30263543837333334
90381,Domat-Ems,m,Domat/Ems,7587.0,28384.0,0.3915466666666667,0.420400834,0.4015,27448.0,0.03766153846153846,0.02427742860695704,0.25408196021369917
90383,Sulgen - Passerelle,m,Sulgen,7602.0,13176.0,0.29056,0.9674475658666666,0.9238,27932.0,0.04510769230769231,0.0,0.3820590516348718
90384,Churwalden,m,Churwalden,1101.0,1513.0,0.039446666666666665,0.3586553252,0.3425,29094.0,0.06298461538461539,0.0,0.1304119881169231
90385,Teufen,m,Teufen AR,5622.0,23636.0,0.30749333333333334,0.6860880267999999,0.6552,0.0,0.0,0.0,0.29498560536
90387,Weinfelden Weststrasse,m,Weinfelden,12404.0,8901.0,0.3901133333333333,0.8680251868,0.8289,32551.0,0.11616923076923077,0.0,0.39676288351384614
90389,Chur Masans,m,Chur,29131.0,13096.0,0.7539733333333333,0.5123985984,0.4893,34798.0,0.15073846153846154,0.04068014539584775,0.41588544106686187
90390,Wittenbach,mm,Wittenbach,13732.0,56871.0,0.69952,0.8312577988,0.7938,27884.0,0.04436923076923077,0.025555014059235173,0.4694724087256932
90391,Zuzwil,m,Zuzwil,7932.0,36594.0,0.45547999999999994,0.8909435188,0.8508,0.0,0.0,0.0,0.39991270376
90392,Bronschhofen,m,Bronschhofen,16696.0,32160.0,0.6596266666666667,0.8920666791999999,0.8519,0.0,0.0,0.0,0.46149133584
90415,Altstätten SG,mm,Altstätten,11291.0,11038.0,0.37467999999999996,0.8295522106666666,0.7922,27811.0,0.043246153846153844,0.0,0.3661836729025641
90420,Amriswil,mm,Amriswil,14444.0,10563.0,0.45559333333333335,1.0,0.9804,26713.0,0.026353846153846155,0.0,0.4399887692307693
90421,Arbon,mm,Arbon,20288.0,18060.0,0.6614133333333333,0.6377883253333333,0.609,27476.0,0.03809230769230769,0.0,0.3945001266051282
90422,Appenzell,mm,Appenzell,8299.0,5311.0,0.2567133333333333,0.7971463371999999,0.7612,39439.0,0.22213846153846153,0.0,0.35699095974769235
90424,Buchs SG,mm,Buchs,15713.0,20100.0,0.5530133333333334,0.8344202210666667,0.7968,0.0,0.0,0.0,0.4124680442133334
90425,Chur - Calandapark,mm,Chur,32226.0,13943.0,0.75962,0.5141616552,0.491,34798.0,0.15073846153846154,0.05747956526275952,0.4214619364002442
90427,Chur - Gäuggeli,mm,Chur,36231.0,6964.0,0.7130933333333332,0.5653489104,0.5399,34798.0,0.15073846153846154,0.017707860716796517,0.4146770465310516
90428,Landquart,mm,Landquart,12335.0,6912.0,0.37501333333333337,0.6276163101333333,0.5993,27701.0,0.041553846153846156,0.0,0.30626803125743596
90431,Flawil,mm,Flawil,11502.0,28924.0,0.49954666666666664,0.8881002148,0.8481,26826.0,0.02809230769230769,0.0,0.4179125044984615
90432,Davos Symondpark,mm,Davos Platz,9641.0,863.0,0.2628466666666667,0.38224777573333335,0.365,0.0,0.0,0.0,0.19180355514666667
90433,Gossau,mm,Gossau SG,15541.0,27887.0,0.60034,0.8275184909333333,0.7902,0.0,0.0,0.0,0.4246256981866666
33091,Gümligen,m,Gümligen,23013.0,96894.0,0.9470133333333334,0.8051574146666667,0.7689,0.0,0.0,0.0,0.5220254829333334
90436,Herisau,mm,Herisau,15682.0,34493.0,0.64814,0.784038458,0.7487,30473.0,0.0842,0.0,0.44295969160000004
90440,Kreuzlingen - Seepark,mm,Kreuzlingen,21402.0,53375.0,0.9040533333333333,0.7649070061333334,0.7304,32125.0,0.10961538461538461,0.06079475956908845,0.5313194300635612
90443,Romanshorn - Hubzelg,mm,Romanshorn,9705.0,13298.0,0.34745333333333334,0.556729774,0.5316,28380.0,0.052,0.0,0.27914195480000004
90445,Rorschach - Trischliplatz,mm,Rorschach,28170.0,14749.0,0.7649933333333333,0.6422519286666667,0.6133,23959.0,0.0,0.0,0.4192783857333333
90447,St. Gallen - Silberturm,m,St. Gallen,52351.0,35495.0,0.9033000000000001,0.7838428873333333,0.7485,30935.0,0.09130769230769231,0.07081390229575565,0.5350328963873562
90448,St. Gallen - St. Fiden,mm,St. Gallen,51300.0,34365.0,0.8957666666666667,0.779663924,0.7445,30935.0,0.09130769230769231,0.06868380140278905,0.5311110835420964
90450,Uzwil - Birkenhof,mm,Uzwil,20603.0,20009.0,0.6828066666666667,0.9029918964000001,0.8623,27041.0,0.0314,0.0,0.47795037928
90452,Wattwil,mm,Wattwil,6749.0,7132.0,0.22751999999999997,0.6693380112,0.6392,25487.0,0.007492307692307692,0.0,0.26754206377846157
90455,Weinfelden - Rösslifelsen,mm,Weinfelden,12280.0,11752.0,0.40581333333333336,0.9366858122666667,0.8945,32551.0,0.11616923076923077,0.0,0.42176500860717947
90458,Widnau - Rhydorf-Center,mm,Widnau,25473.0,42587.0,0.95058,0.9747107261333332,0.9308,31395.0,0.09838461538461539,0.0,0.5928730683035897
33115,Bern - Christoffel,m,Bern,85975.0,107354.0,1.0,0.9179699642666665,0.8766,36370.0,0.17492307692307693,0.18746034282391247,0.6437306768027312
90461,Wil SG,mm,Wil,30436.0,23356.0,0.8223733333333333,1.0,1.0,0.0,0.0,0.0,0.546712
33121,Bern - Lorraine,m,Bern,85018.0,115151.0,1.0,0.9488551114666667,0.9061,36370.0,0.17492307692307693,0.18770453435177428,0.6529065445483035
90466,Thusis - im Park,mm,Thusis,4378.0,2983.0,0.13663333333333333,0.47568714893333336,0.4542,22902.0,0.0,0.0,0.18154742978666666
33123,Erlinsbach,m,Erlinsbach AG,7544.0,44330.0,0.4967066666666667,0.7933366868,0.7576,0.0,0.0,0.0,0.38343933736
90467,Ilanz - Center Marcau,mm,Ilanz,2823.0,2153.0,0.08963333333333334,0.49221596893333336,0.47,0.0,0.0,0.0,0.17233319378666667
90468,Samedan,mm,Samedan,4022.0,6906.0,0.1532933333333333,0.3981810553333333,0.3802,38822.0,0.21264615384615385,0.0,0.20617344183589742
90471,Mels - Pizolpark,mmm,Mels,16330.0,3771.0,0.46060666666666666,0.626201302,0.598,27974.0,0.04575384615384615,0.0,0.33237302963076926
90475,St. Margrethen - Rheinpark,mmm,St.Margrethen,18447.0,45475.0,0.7950866666666666,0.7402985494666667,0.7069,0.0,0.0,0.0,0.4572757098933333
90478,St. Gallen - Neumarkt,mmm,St.Gallen,55569.0,40773.0,0.9384866666666666,0.8386185576,0.8008,0.0,0.0,0.0,0.52934971152
33140,Bern - Egghölzli,m,Bern,55268.0,121255.0,1.0,0.8481956705333333,0.81,36370.0,0.17492307692307693,0.1857319522650727,0.6227701399442966
90491,Abtwil - Säntispark,mm,Abtwil,14241.0,51663.0,0.7130933333333335,0.7037203373333333,0.672,30157.0,0.07933846153846154,0.046820838526793536,0.4471039274797177
33163,Möhlin,m,Möhlin,13269.0,26694.0,0.5318,0.8986894953333334,0.8582,33338.0,0.12827692307692307,0.0,0.45075328368205136
33200,Zollikofen,m,Zollikofen,22569.0,100510.0,0.9351733333333333,1.0,0.9779,32457.0,0.11472307692307693,0.08763196040233641,0.6188130074650826
37302,VOI Strengelbach,voi,Strengelbach,20859.0,30686.0,0.7608133333333335,0.9524759177333333,0.9095,28254.0,0.05006153846153846,0.0,0.5197014912389744
37303,VOI Bern - Fellergut,voi,Bern,31616.0,94120.0,1.0,0.9201932417333333,0.8787,36370.0,0.17492307692307693,0.1263880542386587,0.6321708745790138
37304,VOI Trimbach,voi,Trimbach,25040.0,30156.0,0.8677066666666667,0.8494194529333333,0.8111,24364.0,0.0,0.0,0.5113058905866666
37306,VOI Bern - Fischermätteli,voi,Bern,94688.0,79160.0,1.0,1.0,1.0,36370.0,0.17492307692307693,0.1495325452942366,0.6648911244434627
37307,VOI Brügg,voi,Brügg BE,32318.0,63392.0,1.0,0.9004636306666667,0.8599,0.0,0.0,0.0,0.5660827261333333
37308,VOI Grindelwald,voi,Grindelwald,2974.0,870.0,0.08510666666666666,0.3886262565333333,0.3711,27787.0,0.042876923076923076,0.0,0.1489426359220513
37309,VOI Rombach,voi,Rombach,35834.0,38950.0,0.9263333333333333,0.9330258549333333,0.891,0.0,0.0,0.0,0.5536051709866667
37311,VOI Bern - Schosshalde,voi,Bern,83492.0,107440.0,1.0,0.8926388068,0.8524,36370.0,0.17492307692307693,0.18972159378206352,0.636696695501028
37312,VOI Seengen,voi,Seengen,7205.0,18648.0,0.3164533333333333,0.8415206148,0.8036,42562.0,0.2701846153846154,0.0,0.39763704603692307
37313,VOI Wabern,voi,Wabern,54787.0,111664.0,1.0,0.8369033593333334,0.7992,0.0,0.0,0.0,0.5473006718666666
37314,VOI Bettlach,voi,Bettlach,18670.0,15254.0,0.59956,0.6826100088,0.6518,37826.0,0.19732307692307693,0.0,0.4210346171446154
37315,VOI Wangen a. Aare,voi,Wangen an der Aare,5060.0,12120.0,0.21573333333333333,0.9115518022666667,0.8705,32449.0,0.1146,0.0,0.35700036045333333
37316,VOI Niederbipp,voi,Niederbipp,7725.0,11621.0,0.2834733333333333,0.8532592069333333,0.8148,27550.0,0.03923076923076923,0.0,0.3450199952328205
33220,Bern - Kirchenfeld,m,Bern,96956.0,105477.0,1.0,0.9525263910666666,0.9096,36370.0,0.17492307692307693,0.18878090612890647,0.65420607482373
37318,VOI Sumiswald,voi,Sumiswald,3409.0,6828.0,0.13642666666666667,0.8351753268,0.7975,23686.0,0.0,0.0,0.28771306536
37317,VOI Niedergösgen,voi,Niedergösgen,14737.0,49185.0,0.7208866666666666,0.9347562168000001,0.8926,29351.0,0.06693846153846154,0.0,0.5058649356676923
37319,VOI Biel - Mett,voi,Biel/Bienne,62155.0,29260.0,0.8617333333333334,0.8402103442666666,0.8023,25970.0,0.014923076923076923,0.027336098354074786,0.5152439039087636
37321,VOI Dulliken,voi,Dulliken,17671.0,39500.0,0.7345600000000001,0.7806097186666666,0.7454,25167.0,0.0025692307692307694,0.0,0.45154378988717947
37322,VOI Aarwangen,voi,Aarwangen,13004.0,20385.0,0.4826733333333333,0.9964203929333333,0.9515,28445.0,0.053,0.0,0.44983607858666663
37323,VOI Jegenstorf,voi,Jegenstorf,7797.0,18314.0,0.3300133333333333,1.0,0.9803,35628.0,0.1635076923076923,0.0,0.42973553846153845
37324,VOI Ins,voi,Ins,3657.0,8016.0,0.15095999999999998,0.95657946,0.9135,32063.0,0.10866153846153846,0.0,0.34968619969230774
37325,VOI Bern - Spiegel,voi,Bern,56042.0,103336.0,1.0,0.8739304669333334,0.8345,36370.0,0.17492307692307693,0.16680594539852794,0.6265818978509876
37326,VOI Unterkulm,voi,Unterkulm,7173.0,9587.0,0.2551933333333333,0.82531066,0.7881,26302.0,0.02003076923076923,0.0,0.3244362858461538
37328,VOI Lengnau,voi,Lengnau BE,15799.0,21682.0,0.5658533333333333,0.7243667933333333,0.6917,0.0,0.0,0.0,0.38379935866666665
33233,Lostorf,m,Lostorf,8872.0,32112.0,0.4506666666666666,0.742152506,0.7087,36748.0,0.18073846153846154,0.0,0.3906481935076923
37329,VOI Roggwil,voi,Roggwil,5665.0,25426.0,0.3205733333333333,0.8973480665333332,0.8569,0.0,0.0,0.0,0.36133161330666663
37331,VOI Studen,voi,Studen,11558.0,82310.0,0.6415466666666667,0.991251314,0.9466,0.0,0.0,0.0,0.4853742628
37332,VOI Wilderswil,voi,Wilderswil,13157.0,10051.0,0.41785999999999995,0.5051232768,0.4824,26220.0,0.01876923076923077,0.0,0.27837650151384613
37333,VOI Wichtrach,voi,Wichtrach,9657.0,17242.0,0.37246666666666667,0.8670750262666667,0.828,31801.0,0.10463076923076924,0.0,0.3888811590994872
37334,VOI Bern - Viktoriastrasse,voi,Bern,92510.0,108311.0,1.0,0.9479985675999999,0.9053,36370.0,0.17492307692307693,0.1883098991736475,0.6527763087393449
37335,VOI Baden - Mellingerstrasse,voi,Baden,33449.0,55511.0,1.0,0.8699642505333334,0.8308,42482.0,0.26895384615384615,0.10421413336619285,0.6317064460106745
37336,VOI Niederlenz,voi,Niederlenz,21485.0,27256.0,0.7546400000000001,0.8926725913333333,0.8524,28107.0,0.0478,0.0,0.4997265182666667
37337,VOI Steffisburg,voi,Steffisburg,45739.0,38200.0,0.9213333333333334,0.9447268890666668,0.9021,31774.0,0.10421538461538461,0.04624227393492652,0.5856469095233957
37338,VOI Aarburg,voi,Aarburg,24268.0,49841.0,0.9794200000000001,0.8798622209333333,0.8402,27082.0,0.03203076923076923,0.020925924344932702,0.5644097829018071
37339,VOI Boll,voi,Boll,7246.0,38055.0,0.4469266666666667,0.8272477037333333,0.79,0.0,0.0,0.0,0.37852754074666667
37341,VOI Safenwil,voi,Safenwil,5860.0,31822.0,0.3684133333333333,0.8254025796,0.7882,29028.0,0.06196923076923077,0.0,0.36681836207384616
37342,VOI Zollbrück,voi,Zollbrück,3330.0,8876.0,0.14797333333333335,0.725955588,0.6932,0.0,0.0,0.0,0.2589031176
37343,VOI Bern - Kramgasse,voi,Bern,86916.0,112453.0,1.0,0.9093803877333333,0.8684,36370.0,0.17492307692307693,0.19333417840555964,0.642367528612394
37344,VOI Kappel,voi,Kappel SO,13083.0,19154.0,0.47657333333333335,0.7620545746666667,0.7277,0.0,0.0,0.0,0.36815291493333335
37345,VOI Biel - Jardin du Paradis,voi,Biel/Bienne,60055.0,28684.0,0.8578933333333333,0.8024910072,0.7663,25970.0,0.014923076923076923,0.028046379711035928,0.5030900927668225
37346,VOI Niederrohrdorf,voi,Niederrohrdorf,19204.0,25595.0,0.6827399999999999,0.8182534954666666,0.7814,40702.0,0.24156923076923076,0.0,0.49492654524717944
37347,VOI Schafisheim,voi,Schafisheim,12496.0,30519.0,0.5366866666666666,0.8636724444,0.8247,31754.0,0.10390769230769231,0.0,0.4369920273415384
37348,VOI Thun Bahnhof,voi,Thun,51598.0,33704.0,0.89136,0.8245676382666667,0.7874,32038.0,0.10827692307692308,0.06755564187818923,0.5462280406443558
37351,VOI Bern Warmbächli,voi,Bern,85319.0,84897.0,1.0,1.0,1.0,36370.0,0.17492307692307693,0.1499879988805053,0.6649822151607164
37353,VOI Dottikon,voi,Dottikon,12112.0,42053.0,0.6033400000000001,0.9778845006666667,0.9338,29267.0,0.06564615384615384,0.0,0.4830881309025642
37355,VOI Köniz-Neuhausplatz,voi,Liebefeld,63816.0,93546.0,1.0,1.0,0.9688,0.0,0.0,0.0,0.59688
37356,VOI Lenzburg,voi,Lenzburg,18056.0,32976.0,0.7013333333333334,0.9524954652000001,0.9096,37009.0,0.18475384615384616,0.0,0.5288098622707693
33260,Schwarzenburg,m,Schwarzenburg,4700.0,3061.0,0.14574,0.6980300253333334,0.6666,28555.0,0.05469230769230769,0.0,0.26092646660512825
37358,VOI Egerkingen,voi,Egerkingen,7517.0,13346.0,0.28942666666666667,0.7203855974666667,0.6879,29423.0,0.06804615384615384,0.0,0.31330435026256415
37361,VOI Stettlen,voi,Stettlen,18246.0,78268.0,0.8198933333333334,0.9282235725333333,0.8864,37572.0,0.19341538461538463,0.09112155444315789,0.5771601023183752
37362,VOI Aarau-Buchserstrasse,voi,Aarau,40736.0,45698.0,0.97132,0.9384262916,0.8961,39828.0,0.22812307692307693,0.07603220693185742,0.6295223150909869
33270,Ipsach,m,Ipsach,33091.0,47311.0,0.9820733333333332,0.6962521645333334,0.6649,35364.0,0.15944615384615385,0.09778362741984967,0.5518083891598674
94710,Schaffhausen - Herblinger Markt,mmm,Schaffhausen,19545.0,35701.0,0.7592066666666667,0.8101354296,0.7736,33418.0,0.1295076923076923,0.0,0.49305062438153846
33280,Hünibach,m,Hünibach,22055.0,54908.0,0.9214666666666668,0.6760574249333333,0.6456,0.0,0.0,0.0,0.4762114849866667
94720,Wetzikon - Züri-Oberland-Märt,mmm,Wetzikon,27054.0,34012.0,0.8934133333333333,0.9480902236,0.9054,0.0,0.0,0.0,0.54818204472
33290,Biel - Bözingen,m,Biel/Bienne,52161.0,36918.0,0.9127866666666667,0.8058625924,0.7695,25970.0,0.014923076923076923,0.02803031935043008,0.5205491977347014
94730,Winterthur - Neuwiesen,mmm,Winterthur,62016.0,57563.0,1.0,0.9402059928,0.8978,32488.0,0.1152,0.0943718203369063,0.6197355626273813
74260,Luzern - Schönbühl,mm,Luzern,41922.0,71693.0,1.0,0.48161288346666664,0.4599,36474.0,0.17652307692307692,0.20513225005711924,0.5186436420893725
94740,Winterthur - Rosenberg,mm,Winterthur,33409.0,77108.0,1.0,0.8885386873333333,0.8485,32488.0,0.1152,0.09180210886233034,0.6039581592391328
33330,Uetendorf,m,Uetendorf,13170.0,60562.0,0.6845333333333334,0.9761920457333334,0.9322,30408.0,0.0832,0.008084214706024537,0.5120752520878716
74290,Sarnen - Sarnen-Center,mm,Sarnen,11089.0,12328.0,0.37789333333333336,0.7546773029333333,0.7207,46324.0,0.32806153846153846,0.0,0.40198576827897436
74300,Ebikon - Ladengasse,mm,Ebikon,19592.0,68269.0,0.8557866666666666,0.6996973261333334,0.6682,30762.0,0.08864615384615385,0.08149380213756062,0.4975234564234095
33350,Utzenstorf,m,Utzenstorf,6962.0,21020.0,0.32578666666666667,0.9241839529333333,0.8825,30336.0,0.08209230769230769,0.0,0.3872412521251282
74310,Bürglen/Altdorf - Urnertor,mm,Altdorf UR,17482.0,4984.0,0.4994133333333333,0.5044574305333334,0.4817,0.0,0.0,0.0,0.29888548610666665
33360,Hasle Rüegsau,m,Hasle-Rüegsau,6974.0,12712.0,0.27072,0.9462950357333334,0.9036,0.0,0.0,0.0,0.36083500714666666
74320,Wolhusen - Dorfmärt,mm,Wolhusen,5064.0,4854.0,0.1674,0.7039279497333333,0.6722,24145.0,0.0,0.0,0.25822558994666667
33370,Frutigen,m,Frutigen,5997.0,1400.0,0.16925333333333334,0.46116856159999997,0.4404,24039.0,0.0,0.0,0.18704971231999998
74330,Zug - Metalli,mm,Zug,39423.0,38062.0,0.9204133333333333,0.6700392610666667,0.6398,85013.0,0.9232769230769231,0.2357784940885264,0.7059229356464233
33380,Mellingen,m,Mellingen,8652.0,36947.0,0.47703333333333336,0.8309846053333333,0.7935,31974.0,0.10729230769230769,0.0,0.41011538260512825
74340,Hochdorf - Seetal-Center,mm,Hochdorf,12021.0,9832.0,0.38610666666666665,0.9238977244,0.8823,28312.0,0.050953846153846155,0.0,0.3990323141107692
33383,Rothrist,m,Rothrist,15960.0,36951.0,0.6719399999999999,0.6608024621333333,0.631,30261.0,0.08093846153846154,0.024658406479925784,0.4179618660303441
33390,Bern Burgernziel,m,Bern,73859.0,115344.0,1.0,0.8634021186666666,0.8245,36370.0,0.17492307692307693,0.19326748538976296,0.6287685361959013
74350,Emmenbrücke - Sonnenplatz,mm,Emmenbrücke,43314.0,70105.0,1.0,0.8756886312000001,0.8362,0.0,0.0,0.0,0.55875772624
33393,Gebenstorf,m,Gebenstorf,19429.0,52366.0,0.8514399999999999,0.8513584778666667,0.813,34144.0,0.1406769230769231,0.044095951028717766,0.5439582703944614
74360,Kriens - Hofmatt,mm,Kriens,57021.0,65540.0,1.0,0.6645927022666667,0.6346,31750.0,0.10384615384615385,0.12974247027663993,0.5430962652778921
127610,VOI Viganello,voi,Viganello,59489.0,35608.0,0.9040533333333333,0.5572134824,0.5321,0.0,0.0,0.0,0.43586869647999993
74370,Ibach-Schwyz - Mythen-Center,mmm,Ibach,14247.0,12710.0,0.46465333333333336,0.5932656594666667,0.5665,0.0,0.0,0.0,0.3146991318933333
127620,VOI Sementina,voi,Sementina,18421.0,23917.0,0.6506733333333333,0.5372719002666667,0.5131,0.0,0.0,0.0,0.35396638005333336
74380,Luzern - Schweizerhof,mm,Luzern,67679.0,95059.0,1.0,0.8379803112,0.8002,36474.0,0.17652307692307692,0.17655979648030676,0.6182326369206768
127630,VOI Lugano-Roncaccio,voi,Lugano,61271.0,41205.0,0.9413666666666667,0.6628090305333333,0.6329,38797.0,0.21226153846153847,0.15822090280782572,0.5523582943605395
74390,Emmen - Wohncenter,mm,Emmenbrücke,40619.0,83543.0,1.0,0.7946924834666667,0.7589,0.0,0.0,0.0,0.5348284966933333
74400,Ebikon - Mall of Switzerland,mmm,Ebikon,19212.0,37234.0,0.7605466666666668,0.6724302756,0.6421,30762.0,0.08864615384615385,0.03427096799165408,0.45144347948756164
123620,Biasca,m,Biasca,6606.0,3107.0,0.19687333333333332,0.3010657036,0.2875,23325.0,0.0,0.0,0.14802514072
123630,Crocifisso,m,Savosa,56920.0,52984.0,1.0,0.7040275914666667,0.6723,41211.0,0.2494,0.17311188855342746,0.5925378960040188
123640,Boffalora,m,Chiasso,31574.0,38456.0,0.92304,0.6480482384,0.6188,24552.0,0.0,0.0,0.46840164768
123650,Minusio,m,Minusio,24305.0,20844.0,0.7870933333333333,0.43582414826666666,0.4162,35608.0,0.1632,0.08314759851719195,0.4141823493567717
123660,Paradiso,m,Lugano,36570.0,55922.0,1.0,0.5551471390666667,0.5301,38797.0,0.21226153846153847,0.16972689345796388,0.5404371141972338
123690,Tesserete,m,Tesserete,8075.0,25184.0,0.38322666666666666,0.5255190005333333,0.5018,0.0,0.0,0.0,0.27025180010666666
123700,Faido,m,Faido,1453.0,880.0,0.04461333333333333,0.2296042892,0.2193,26411.0,0.021707692307692306,0.0,0.08557639630153847
123710,Molino Nuovo,m,Lugano,58454.0,37445.0,0.9163,0.5684259509333334,0.5428,38797.0,0.21226153846153847,0.17166278604313842,0.519640055087602
123720,Radio,m,Massagno,57685.0,47929.0,0.9861933333333334,0.6757997402666667,0.6453,34925.0,0.15269230769230768,0.13559653943951755,0.5532057174796984
33613,Villmergen,m,Villmergen,17816.0,28117.0,0.66254,0.9592374350666666,0.916,29405.0,0.06776923076923078,0.0,0.49576333316717947
123730,Solduno,m,Locarno,28565.0,12290.0,0.7486,0.4496675730666666,0.4294,25503.0,0.007738461538461539,0.01348255923956088,0.3616977187689378
33623,Biberist,m,Biberist,18661.0,48480.0,0.8208266666666667,1.0,0.9591,29884.0,0.07513846153846154,0.0,0.5571856923076922
123740,Giubiasco,m,Giubiasco,31678.0,12778.0,0.7518533333333334,0.5732554315999999,0.5474,0.0,0.0,0.0,0.39494708632
33630,Bern - Breitenrain,m,Bern,81182.0,116105.0,1.0,0.9035616954666666,0.8628,36370.0,0.17492307692307693,0.19273516787772782,0.6405239880534943
123750,Ascona,m,Ascona,21551.0,15751.0,0.6797,0.35942281133333337,0.3432,43470.0,0.28415384615384615,0.11007618802822128,0.3889605691030802
33640,Bern - Eigerplatz,m,Bern,98995.0,91746.0,1.0,1.0,0.9913,36370.0,0.17492307692307693,0.1678680059877402,0.6676882165821634
33643,Gerlafingen,m,Gerlafingen,17431.0,39187.0,0.7260733333333333,1.0,0.9569,24397.0,0.0,0.0,0.513512
123760,Mendrisio,m,Mendrisio,15968.0,32975.0,0.6456466666666666,0.7567641925333333,0.7227,32880.0,0.12123076923076923,0.0,0.4415629923528205
33653,Unterentfelden,mm,Unterentfelden,19455.0,62977.0,0.8521333333333333,0.9390464864000001,0.8967,32606.0,0.11701538461538462,0.04707390675695742,0.5659371555544686
123770,Tenero,m,Tenero,11853.0,24046.0,0.4763866666666667,0.3919589072,0.3743,0.0,0.0,0.0,0.25873778144
33663,Neuenhof,m,Neuenhof,28451.0,64260.0,1.0,0.7555288921333333,0.7215,25343.0,0.005276923076923077,0.019312722605701167,0.5281737075631915
123780,Arbedo Castione,m,Castione,8387.0,20985.0,0.36355333333333334,0.4526873698666667,0.4323,0.0,0.0,0.0,0.24283347397333332
33670,Biel Stadion,m,Biel,27562.0,56512.0,1.0,0.6571436791999999,0.6275,0.0,0.0,0.0,0.49417873583999994
33673,Stein,m,Stein AG,18564.0,11305.0,0.5704066666666666,0.7173528084,0.685,0.0,0.0,0.0,0.38309256168
123790,Grancia,m,Grancia,7420.0,43833.0,0.4900866666666667,0.3480791924,0.3324,28354.0,0.0516,0.07431518221670134,0.27506487492334025
33680,Thun - Dürrenast,m,Thun,43333.0,38687.0,0.9245800000000001,0.7437896234666667,0.7103,32038.0,0.10827692307692308,0.07522080633229361,0.5338614705751767
33684,Suhr Suhrepark,m,Suhr,25433.0,51738.0,1.0,0.9602178306666667,0.9169,28687.0,0.056723076923076925,0.02123944904923814,0.5993260713277964
123800,Taverne,m,Taverne,12317.0,23984.0,0.4883466666666667,0.530839536,0.5069,0.0,0.0,0.0,0.3033619072
123810,Pregassona,m,Pregassona,54536.0,39542.0,0.9302800000000001,0.5827571385333333,0.5565,0.0,0.0,0.0,0.4512854277066667
33703,Windisch,m,Windisch,23141.0,31042.0,0.82404,0.8757389416,0.8363,31450.0,0.09923076923076923,0.0,0.5258359421661538
123820,Maggia,m,Maggia,1367.0,1668.0,0.047573333333333336,0.2769434302666667,0.2645,25424.0,0.006523076923076923,0.0,0.09741530143794873
33713,Untersiggenthal,m,Untersiggenthal,22118.0,50155.0,0.9231466666666667,0.8256192133333333,0.7884,33464.0,0.13021538461538462,0.04918042166338672,0.556787003922421
33720,Ostermundigen Poststrasse,m,Ostermundigen 1,68763.0,96694.0,1.0,0.8972600129333334,0.8568,0.0,0.0,0.0,0.5651320025866666
33723,Balsthal,m,Balsthal,6215.0,12421.0,0.24853999999999998,0.7505448836,0.7167,27428.0,0.037353846153846154,0.0,0.3038117459507692
123840,Campagna Adorna,m,Mendrisio,18233.0,40112.0,0.7536266666666666,0.8152641368,0.7785,32880.0,0.12123076923076923,0.0,0.49123698120615383
33730,Münchenbuchsee,m,Münchenbuchsee,18779.0,29998.0,0.7007600000000002,1.0,1.0,31227.0,0.0958,0.0,0.529388
33733,Nussbaumen - Markthof,m,Nussbaumen b.Baden,30458.0,54649.0,1.0,0.8174304006666666,0.7806,0.0,0.0,0.0,0.5415460801333333
123850,Melano,m,Melano,4751.0,8704.0,0.18472,0.2701622242666667,0.258,30969.0,0.09183076923076923,0.0,0.15361459869948718
74700,Surseepark,mmm,Sursee,16255.0,14012.0,0.52688,0.8040514402666668,0.7678,34587.0,0.1474923076923077,0.0,0.42515274959179494
33743,Döttingen,m,Döttingen,11100.0,18037.0,0.41624666666666665,0.933088064,0.891,29930.0,0.07584615384615384,0.0,0.41576084356923076
33750,Bremgarten Kalchacker,m,Bremgarten b. Bern,11660.0,112116.0,0.6442666666666667,0.8275837350666667,0.7903,0.0,0.0,0.0,0.4378267470133333
74710,Steinhausen - Zugerland,mmm,Steinhausen,23948.0,65255.0,0.9719466666666667,0.7368214573333333,0.7036,43920.0,0.29107692307692307,0.14094046026663737,0.5957117681353787
33753,Frick,m,Frick,9641.0,8802.0,0.3157733333333333,0.8326653093333334,0.7951,35623.0,0.16343076923076924,0.0,0.37346121571282054
123870,Bellinzona Nord,m,Bellinzona,17479.0,25444.0,0.6357333333333334,0.49997648693333335,0.4774,28824.0,0.05883076923076923,0.030751477757486708,0.3563717467843179
74720,Stans - Länderpark,mmm,Stans,14041.0,15484.0,0.4776533333333333,0.6258694433333334,0.5977,37866.0,0.19793846153846154,0.0,0.36782758097435897
123880,Caslano,m,Caslano,14330.0,15402.0,0.4848133333333333,0.5270065346666667,0.5033,26379.0,0.021215384615384615,0.0,0.30541838385641024
33770,Kirchberg,mm,Kirchberg BE,11994.0,23347.0,0.47548666666666667,1.0,0.9695,0.0,0.0,0.0,0.439596
33773,Derendingen,m,Derendingen,24983.0,41940.0,0.9458133333333333,1.0,1.0,28234.0,0.049753846153846155,0.0,0.5936947692307692
123890,Riazzino,m,Riazzino,5470.0,10730.0,0.2174,0.35112755760000003,0.3353,0.0,0.0,0.0,0.16897551152
33780,Brienz,m,Brienz BE,2801.0,1217.0,0.08280666666666667,0.32925875213333333,0.3144,0.0,0.0,0.0,0.12213375042666669
33783,Schönenwerd,m,Schönenwerd,13345.0,60189.0,0.6892,0.9717279410666666,0.9279,26379.0,0.021215384615384615,0.004600704450327815,0.4990588060264758
33790,Matten,m,Wilderswil,15844.0,7559.0,0.47290000000000004,0.5144502024,0.4913,26220.0,0.01876923076923077,0.0,0.29764388663384617
33793,Wildegg,m,Wildegg,16293.0,33831.0,0.6600199999999999,0.9936315312,0.9488,0.0,0.0,0.0,0.49161230624
33810,Bern - Welle 7,m,Bern,99141.0,103133.0,1.0,1.0,1.0,36370.0,0.17492307692307693,0.1741260620360457,0.6698098277918245
33813,Lupfig,m,Lupfig,8806.0,32324.0,0.45032000000000005,0.7676362489333334,0.733,34791.0,0.15063076923076923,0.0,0.39204940363282054
33820,Bern Westflügel,m,Bern,46775.0,96920.0,1.0,1.0,0.9747,36370.0,0.17492307692307693,0.13055917078337576,0.6585664495412905
33823,Aarau Bahnhof,m,Aarau,38797.0,45930.0,0.9728666666666667,0.9272170902666667,0.8854,39828.0,0.22812307692307693,0.07439772896858786,0.6263475792316663
33833,Solothurn Öufi,m,Solothurn,35258.0,28967.0,0.8597800000000001,0.9471858160000001,0.9045,39564.0,0.22406153846153845,0.0,0.5826334708923078
33843,Fislisbach,m,Fislisbach,20929.0,42387.0,0.8406866666666667,0.8119788268,0.7754,32026.0,0.1080923076923077,0.021835558289679202,0.5181273385563974
33853,Solothurn Baselstrasse,m,Solothurn,32355.0,32467.0,0.8831133333333333,0.9523263077333333,0.9094,39564.0,0.22406153846153845,0.0,0.5911515692389744
33863,Zuchwil,m,Zuchwil,32194.0,44401.0,0.9626733333333334,1.0,0.981,26304.0,0.02006153846153846,0.0,0.5909143076923077
33873,Murgenthal,m,Murgenthal,7957.0,15096.0,0.31282666666666664,1.0,0.9552,29072.0,0.06264615384615385,0.0,0.4018972307692308
33883,Schöftland,m,Schöftland,8923.0,15083.0,0.3385,0.9750977477333334,0.9311,33312.0,0.12787692307692308,0.0,0.41525493416205134
33893,Berikon - Mutschellen,m,Berikon,19487.0,30479.0,0.7228466666666667,0.8481006497333333,0.8099,38223.0,0.20343076923076922,0.0,0.5081502837928206
33903,Fahrwangen,m,Fahrwangen,8762.0,8749.0,0.29198,0.7666865037333334,0.7321,28497.0,0.0538,0.0,0.3249013007466667
33913,Seon,m,Seon,7651.0,30132.0,0.4049066666666666,0.9013703598666666,0.8607,31086.0,0.09363076923076923,0.0,0.4065422258194872
33920,Heimberg,m,Heimberg,33414.0,45948.0,0.9729866666666668,0.9648832256000001,0.9214,30290.0,0.08138461538461539,0.029566456940346878,0.5992028595849925
33923,Oensingen,m,Oensingen,9032.0,13728.0,0.33237333333333335,0.8474142177333334,0.8092,29167.0,0.06410769230769231,0.0,0.3629363820082051
33934,Muri AG,mm,Muri AG,8911.0,12743.0,0.32258,0.9222855982666668,0.8807,0.0,0.0,0.0,0.36930111965333334
33953,Gränichen,m,Gränichen,12567.0,52729.0,0.6684533333333333,0.8652376233333333,0.8262,31442.0,0.09910769230769231,0.008271468980125447,0.47767935692423025
33963,Menziken,m,Menziken,15942.0,14365.0,0.5208866666666667,0.8679181053333334,0.8288,24648.0,0.0,0.0,0.4127296210666667
136401,Glis - Simplon,mmm,Glis,18665.0,7301.0,0.5464066666666667,0.38256852573333333,0.3653,0.0,0.0,0.0,0.2769657051466667
136411,Conthey - Forum des Alpes,mmm,Conthey,13876.0,32611.0,0.5874333333333334,0.6246870137333334,0.5965,25437.0,0.006723076923076923,0.0,0.362162018131282
136465,Fiesch,m,Fiesch,1487.0,844.0,0.045279999999999994,0.2836644316,0.2709,28042.0,0.0468,0.0,0.10676688632
136475,Saxon,m,Saxon,5949.0,15207.0,0.26002,0.5284760553333333,0.5047,22905.0,0.0,0.0,0.23417121106666666
136480,Sembrancher,m,Sembrancher,1765.0,1858.0,0.05945333333333333,0.2646706670666667,0.2527,23716.0,0.0,0.0,0.09604013341333334
136485,Martigny Avouillons,m,Martigny,19336.0,13249.0,0.6039533333333333,0.5001760733333334,0.4776,28124.0,0.04806153846153846,0.0,0.3385935223589744
124210,Bellinzona,mm,Bellinzona,25862.0,18616.0,0.7907733333333334,0.533775174,0.5097,28824.0,0.05883076923076923,0.026940169893406325,0.4121112226248352
124240,Locarno,mm,Locarno,29199.0,12091.0,0.7472733333333333,0.431131588,0.4117,25503.0,0.007738461538461539,0.015431440730810177,0.3562122980538543
124270,Centro Serfontana,mmm,Morbio Inferiore,22264.0,41073.0,0.8675266666666667,0.5885927194666667,0.5621,29669.0,0.07183076923076923,0.05890636510551388,0.46033397076058996
124290,Cassarate,mm,Lugano,58436.0,34468.0,0.8964533333333332,0.5470365028,0.5224,38797.0,0.21226153846153847,0.1726871223910017,0.507573032730508
34180,Steffisburg Unterdorf,mm,Steffisburg,35399.0,46537.0,0.9769133333333334,0.9079908106666666,0.8671,31774.0,0.10421538461538461,0.04850532264486572,0.5919263035853835
124300,Centro Agno,mmm,Agno,11883.0,64691.0,0.6502133333333333,0.6346546322666667,0.6061,29026.0,0.06193846153846154,0.06472478040117523,0.4079375748412607
34190,Konolfingen,mm,Konolfingen,5602.0,19313.0,0.27814,0.8589501660000001,0.8202,32008.0,0.10781538461538462,0.0,0.358815110123077
34200,Burgdorf - Neumarkt,mm,Burgdorf,18221.0,13464.0,0.5756533333333334,0.8877845136,0.8478,29413.0,0.0678923076923077,0.0,0.44861136425846154
34210,Bern - Bethlehem,mm,Bern,27779.0,85444.0,1.0,0.9218692221333333,0.8803,36370.0,0.17492307692307693,0.1113195998899781,0.6296523797892776
34213,Aarau - Igelweid,mm,Aarau,37767.0,46126.0,0.9741733333333333,0.9535875652,0.9106,39828.0,0.22812307692307693,0.06622261216063197,0.6328986508567418
34220,Bern - Freudenberg,mm,Bern,76624.0,104494.0,1.0,0.8610685608,0.8223,36370.0,0.17492307692307693,0.18727780772489167,0.6268838890895937
34230,Bern - Winkelried,mm,Bern,66120.0,111137.0,1.0,0.8473873870666667,0.8092,36370.0,0.17492307692307693,0.18647324498921405,0.6226767417957916
34233,Baden - City,mm,Baden,45729.0,44069.0,0.96046,0.9188480437333334,0.8774,42482.0,0.26895384615384615,0.09516475041511276,0.6324713280604585
34240,Köniz - Bläuacker,mm,Köniz,49822.0,98501.0,1.0,1.0,0.9736,34764.0,0.1502153846153846,0.12523359913977705,0.6524497967510323
34243,Lenzburg,mm,Lenzburg,14609.0,35650.0,0.62724,0.8597458789333333,0.821,37009.0,0.18475384615384616,0.0,0.47917194501743593
34250,Thun - Bälliz,mm,Thun,55798.0,31314.0,0.8754266666666667,0.9359365494666666,0.8938,32038.0,0.10827692307692308,0.053845751340084104,0.5716198447767348
34253,Oftringen,mm,Oftringen,27488.0,40016.0,0.93344,0.8930311652,0.8528,27489.0,0.038292307692307695,0.0057841136739319645,0.5527335173132478
34260,Biel - Neumarkt,mm,Biel/Bienne,62264.0,25301.0,0.83534,0.7940145553333333,0.7582,25970.0,0.014923076923076923,0.027928648635163107,0.49379525617831466
34263,Bremgarten AG,mm,Bremgarten AG,17316.0,25286.0,0.6303333333333333,0.8632422450666667,0.8243,0.0,0.0,0.0,0.44417844901333337
34270,Münsingen,mm,Münsingen,12754.0,14833.0,0.4389933333333333,0.9082761894666666,0.8673,34656.0,0.14855384615384615,0.0,0.42979400712410254
34280,Spiez - Terminus,mm,Spiez,11430.0,7493.0,0.3547533333333333,0.5289003625333333,0.5051,33051.0,0.12386153846153847,0.0,0.2874883801989743
34290,Herzogenbuchsee,mm,Herzogenbuchsee,10948.0,9143.0,0.3529,1.0,0.9717,27973.0,0.04573846153846154,0.0,0.41218769230769225
34293,Rheinfelden,mm,Rheinfelden,21835.0,40532.0,0.8524799999999999,0.9346431148,0.8925,39056.0,0.21624615384615384,0.0,0.5751718537292309
34300,Interlaken,mm,Interlaken,17582.0,6567.0,0.5126333333333334,0.6182929295999999,0.5904,28242.0,0.049876923076923076,0.0,0.3464639705353846
34310,Langenthal,mm,Langenthal,19770.0,13506.0,0.6172399999999999,0.9975846916000001,0.9526,29221.0,0.06493846153846154,0.0,0.49293663062769233
34320,Bern - Westside,mm,Bern,23840.0,61971.0,0.9690666666666666,0.852871406,0.8144,36370.0,0.17492307692307693,0.08147273995251468,0.5940134445751183
34323,Wettingen - Landstrasse,mm,Wettingen,40445.0,42101.0,0.94734,0.7845925141333334,0.7492,37297.0,0.1891846153846154,0.09201474367771419,0.5722803746391326
34330,Nidau,mm,Nidau,47024.0,40367.0,0.93578,0.6903875741333334,0.6593,27173.0,0.03343076923076923,0.05054434613535842,0.5015365378998922
34333,Wohlen,mm,Wohlen AG,23344.0,22742.0,0.77412,0.9359446909333332,0.8938,0.0,0.0,0.0,0.5088049381866666
34340,Worb,mm,Worb,10845.0,22382.0,0.4384133333333333,0.9436563609333333,0.9011,31682.0,0.1028,0.0,0.4309252721866667
34350,Wabern - Chly Wabere,mm,Wabern,24039.0,115400.0,0.9743733333333333,0.6921715298666667,0.661,0.0,0.0,0.0,0.4968463059733333
34360,Bern - Zähringer,mm,Bern,87989.0,109186.0,1.0,1.0,1.0,36370.0,0.17492307692307693,0.17062475232850274,0.6691095658503159
34363,Zofingen,mm,Zofingen,25933.0,30525.0,0.8701666666666666,0.9741426152,0.9302,37624.0,0.19421538461538462,0.0,0.5877415999630768
34373,Solothurn,m,Solothurn,38210.0,30054.0,0.8670266666666667,1.0,0.9966,39564.0,0.22406153846153845,0.0,0.6045803076923078
34380,Hinterkappelen - Chappelemärit,mm,Hinterkappelen,9814.0,65004.0,0.59504,0.8046998489333334,0.7684,0.0,0.0,0.0,0.4162919697866667
34383,Olten - Hammer,mm,Olten,33316.0,33539.0,0.89026,0.8932667458666667,0.853,34481.0,0.14586153846153846,0.0,0.5602036568656411
34390,Biel - Madretsch,mm,Biel/Bienne,66636.0,24330.0,0.8288666666666668,0.8260440278666668,0.7888,25970.0,0.014923076923076923,0.027865687510031604,0.5013065584599551
34393,Bad Zurzach,mm,Bad Zurzach,7462.0,15139.0,0.2999133333333333,0.8021110368,0.766,31980.0,0.10738461538461538,0.0,0.3484731304369231
34400,Huttwil,mm,Huttwil,5379.0,6294.0,0.1854,0.9344045916000001,0.8923,24195.0,0.0,0.0,0.33173091832
34403,Olten - Sälipark,mm,Olten,29543.0,35647.0,0.9043133333333334,0.8409217578666667,0.803,34481.0,0.14586153846153846,0.02334519736595874,0.5536196987388329
34411,Zweisimmen,m,Zweisimmen,2137.0,894.0,0.06294666666666666,0.4870895932,0.4651,26976.0,0.0304,0.0,0.16889191864
34413,Egerkingen - Gäupark,mm,Egerkingen,6782.0,14233.0,0.27574000000000004,0.6768812244,0.6464,29423.0,0.06804615384615384,0.0,0.29634747564923075
34420,Lyss Lyssbachpark,mm,Lyss,15828.0,19281.0,0.55062,0.9810150969333333,0.9368,31623.0,0.1018923076923077,0.0,0.47544748092512823
34430,Ostermundigen,mm,Ostermundigen,45683.0,91004.0,1.0,0.8793303293333333,0.8397,28319.0,0.051061538461538464,0.07800870084890253,0.585650113728755
34440,Bern - Bubenberg,mm,Bern,103967.0,100336.0,1.0,1.0,1.0,36370.0,0.17492307692307693,0.17397362462853108,0.6697793403103216
34450,Bern - Bachmätteli,mm,Bern,37735.0,90349.0,1.0,0.9776599798666666,0.9336,36370.0,0.17492307692307693,0.12047792850293114,0.6479721970585349
83610,Tramelan,m,Tramelan,4089.0,959.0,0.11543333333333333,0.6960341714666667,0.6647,26777.0,0.027338461538461537,0.0,0.24577452660102564
34460,Langnau i.E.,mm,Langnau i. E.,8627.0,5146.0,0.26436,0.7730095278666668,0.7382,0.0,0.0,0.0,0.30772990557333335
34463,Reinach AG,mm,Reinach AG,18935.0,8889.0,0.5641933333333333,0.7713902658666666,0.7366,0.0,0.0,0.0,0.39719605317333334
34470,Meiringen,mm,Meiringen,3835.0,1397.0,0.11158000000000001,0.37889071133333335,0.3618,28610.0,0.05553846153846154,0.0,0.156539834574359
83630,Courtepin,m,Courtepin,5947.0,8346.0,0.21422666666666668,0.8202016452,0.7832,26456.0,0.0224,0.0,0.31110832904
34480,Biel - Bielerhof,mm,Biel/Bienne,59943.0,28163.0,0.8544200000000001,0.7701891146666667,0.7355,25970.0,0.014923076923076923,0.029512051649566714,0.49280084864786206
83640,Schoenberg,m,Fribourg,27636.0,52972.0,1.0,0.8718713057333334,0.8326,28458.0,0.0532,0.037089549860380204,0.5756921711187427
34490,Gstaad,mm,Gstaad,4751.0,2039.0,0.14028666666666664,0.5293445057333334,0.5055,0.0,0.0,0.0,0.1985049011466667
83650,Marly,mm,Marly,11664.0,57212.0,0.6443733333333334,0.7557167630666666,0.7217,29209.0,0.06475384615384615,0.039348864493944,0.4374458947428914
34510,Ittigen,mm,Ittigen,43953.0,101302.0,1.0,0.9985693145333334,0.9536,34279.0,0.14275384615384615,0.12207393172318058,0.6480394184820721
83670,Beauregard,m,Fribourg,55859.0,26028.0,0.8401866666666667,0.8168513385333334,0.78,28458.0,0.0532,0.04460770842871784,0.5129878093924103
34520,Hilterfingen,m,Hilterfingen,8619.0,46840.0,0.5421066666666666,0.5158361408000001,0.4926,46440.0,0.32984615384615384,0.12604660988140015,0.40623778090551077
34530,Bern - Bahnhof,mm,Bern,92540.0,108633.0,1.0,0.9780482312000001,0.934,36370.0,0.17492307692307693,0.18403053532768093,0.6608003686901517
83690,St-Imier,m,St-Imier,5221.0,1650.0,0.15022666666666665,0.49754123333333333,0.4751,0.0,0.0,0.0,0.19208624666666665
34540,Belp,mm,Belp,13363.0,17040.0,0.4699466666666667,0.7446645085333333,0.7111,33572.0,0.13187692307692309,0.0,0.3874022863220513
83700,Fleurier,mm,Fleurier,5112.0,2900.0,0.15565333333333334,0.5070136058666667,0.4842,0.0,0.0,0.0,0.19651872117333335
83730,Cernier,mm,Cernier,6260.0,5032.0,0.20048,0.5459910910666667,0.5214,0.0,0.0,0.0,0.22148221821333333
83740,Tavannes,m,Tavannes,4542.0,4186.0,0.14902666666666667,0.6106214906666666,0.5831,24198.0,0.0,0.0,0.22514229813333334
83750,La Neuveville,m,La Neuveville,7924.0,5886.0,0.2505466666666667,0.514305632,0.4911,37851.0,0.1977076923076923,0.0,0.26667666486153846
83760,Grande Béroche,m,Chez-Le-Bart,4437.0,5187.0,0.1529,0.44404575853333333,0.424,0.0,0.0,0.0,0.17707915170666666
83770,Colombier,m,Colombier,11834.0,29347.0,0.51122,0.5483953577333333,0.5237,0.0,0.0,0.0,0.3154150715466667
83780,Cormanon,m,Villars-sur-Glâne,41813.0,39729.0,0.9315266666666666,0.6943961482666666,0.6631,32608.0,0.11704615384615384,0.0857741212383394,0.5252112846702319
83790,Saignelégier,m,Saignelégier,2263.0,2415.0,0.07644666666666668,0.6807954350666667,0.6501,28201.0,0.04924615384615385,0.0,0.23395231778256415
83800,Kerzers,m,Kerzers,6966.0,6330.0,0.22796000000000002,0.9467076826666667,0.904,30746.0,0.0884,0.0,0.36580953653333337
83810,Avenches,m,Avenches,4010.0,8165.0,0.16136666666666666,0.8048439086666667,0.7686,23428.0,0.0,0.0,0.28623878173333334
83820,Boudry,m,Boudry,17096.0,12700.0,0.54056,0.5788603161333333,0.5528,28781.0,0.05816923076923077,0.0,0.3448539093805128
83830,Ste-Thérèse,mm,Fribourg,53894.0,27431.0,0.8495400000000001,0.8669576556,0.8279,28458.0,0.0532,0.03849825927019622,0.5293831829740393
83840,La Roche,m,La Roche,1935.0,3960.0,0.078,0.5082245308000001,0.4853,29577.0,0.07041538461538462,0.0,0.18765798308307696
83850,Belfaux,m,Belfaux,9554.0,50951.0,0.5881066666666667,0.8219084025333333,0.7849,27513.0,0.03866153846153846,0.0,0.4270359881989744
34700,Schönbühl - Shoppyland,mmm,Schönbühl,10660.0,32271.0,0.4994066666666666,0.8120781409333333,0.7755,0.0,0.0,0.0,0.3897876281866667
83860,Granges - Paccot,m,Granges-Paccot,14884.0,55369.0,0.7302399999999999,0.6393999894666667,0.6106,27904.0,0.04467692307692308,0.04804369399381866,0.42655612130748166
34710,Bern - Marktgasse,mmm,Bern,96586.0,106923.0,1.0,0.9912032514666667,0.9465,36370.0,0.17492307692307693,0.18376764394082787,0.6646287944661143
83871,Gare de Bulle,m,Bulle,25377.0,11704.0,0.7446933333333333,0.6645568723999999,0.6346,27017.0,0.03103076923076923,0.0,0.42598552832615383
34720,Thun - Oberland,mmm,Thun,42440.0,38381.0,0.92254,0.7315874766666667,0.6986,32038.0,0.10827692307692308,0.07543412258012429,0.5296817044647428
83880,Le Landeron,m,Le Landeron,7290.0,8951.0,0.2540733333333334,0.6831637886666666,0.6524,30071.0,0.07801538461538461,0.0,0.2936978346564103
34730,Brügg - Centre Brügg,mmm,Brügg b. Biel,40047.0,48616.0,0.9907733333333333,0.8146142596,0.7779,0.0,0.0,0.0,0.53794485192
83890,Cortaillod,m,Cortaillod,10739.0,13362.0,0.37545333333333336,0.49058366386666663,0.4685,33060.0,0.124,0.0,0.28240273277333333
83920,Plaffeien,m,Plaffeien,3044.0,2430.0,0.09737333333333333,0.5543463421333333,0.5294,27166.0,0.03332307692307692,0.0,0.19968588381128205
83930,Les Cadolles,m,Neuchâtel,34428.0,20890.0,0.8059333333333334,0.5736766222666667,0.5478,30304.0,0.0816,0.05089502918642689,0.4377943302906187
83940,Domdidier,m,Domdidier,5659.0,8143.0,0.20519333333333334,0.8990071173333333,0.8585,0.0,0.0,0.0,0.3272094234666667
83950,Charrière,m,La Chaux-de-Fonds,30739.0,7787.0,0.7185799999999999,0.6933146816,0.6621,24889.0,0.0,0.0,0.42044693631999996
34803,Grenchen,mm,Grenchen,23866.0,12105.0,0.7171266666666667,0.7893038636,0.7537,27719.0,0.041830769230769234,0.0,0.4567349265661539
83960,Neyruz,m,Neyruz,4362.0,12697.0,0.20096666666666665,0.6587091502666668,0.629,0.0,0.0,0.0,0.25493183005333336
34813,Langendorf - Ladedorf,mmm,Langendorf,27727.0,22695.0,0.8179666666666666,0.7272519430666666,0.6945,34894.0,0.1522153846153846,0.0,0.49073346553641023
83970,La Tour-de-Trême Tivoli,m,La Tour-de-Trême,26406.0,11883.0,0.7458866666666667,0.7722499288,0.7374,0.0,0.0,0.0,0.45195598576000007
34823,Buchs AG - Wynecenter,mmm,Buchs AG,18947.0,55688.0,0.8385866666666667,0.8108150901333333,0.7743,0.0,0.0,0.0,0.4911690180266667
83980,Gare Fribourg,m,Fribourg,56923.0,24401.0,0.8293400000000001,0.8301098342666666,0.7927,28458.0,0.0532,0.042546441150168264,0.513243255083367
34833,Spreitenbach - Tivoli,mmm,Spreitenbach,21205.0,52806.0,0.8987999999999999,0.7298532025333333,0.697,23199.0,0.0,0.0,0.4853106405066666
34843,Brugg - Neumarkt,mmm,Brugg AG,23635.0,31639.0,0.8411933333333333,0.9016419508,0.861,0.0,0.0,0.0,0.51878639016
125010,Lugano,mmm,Lugano,64020.0,35309.0,0.90206,0.6143421262666666,0.5867,38797.0,0.21226153846153847,0.16510189084040017,0.527629111113721
137300,VOI Raron,voi,Raron,2199.0,3932.0,0.08485333333333334,0.3687659990666667,0.3521,28036.0,0.046707692307692304,0.0,0.1437607382748718
125020,Centro S.Antonino,mmm,Sant'Antonino,5587.0,19007.0,0.2757,0.4508244448,0.4305,27302.0,0.03541538461538461,0.0,0.22300796588307692
63620,Echallens,mm,Echallens,8481.0,9533.0,0.2897133333333333,0.9659524646666666,0.9224,30613.0,0.08635384615384616,0.0,0.3896152621641026
63625,Renens Quai Ouest,m,Renens VD,59075.0,121756.0,1.0,0.7519732037333333,0.7181,0.0,0.0,0.0,0.5222046407466667
63630,Estavayer-le-Lac,mm,Estavayer-le-Lac,8769.0,5389.0,0.26976666666666665,0.6994399704,0.6679,0.0,0.0,0.0,0.28760799408000004
63635,Vevey Des 2 Gares,mm,Vevey,40844.0,29734.0,0.8648933333333333,0.5680045005333333,0.5424,29023.0,0.06189230769230769,0.06720417843861332,0.45312819733285087
63640,Bex,m,Bex,7714.0,23800.0,0.36437333333333327,0.6941479144,0.6629,23173.0,0.0,0.0,0.31443158288
63645,Noville,m,Noville,7554.0,9426.0,0.26428,0.46151608853333337,0.4407,29137.0,0.06364615384615385,0.0,0.22838644847589745
63655,Préverenges,m,Préverenges,28443.0,35756.0,0.90504,0.6645087718666667,0.6346,41122.0,0.24803076923076922,0.08911288176064022,0.5353024845716152
63660,Lausanne - Cour,m,Lausanne,107072.0,128122.0,1.0,0.6547614852,0.6253,30639.0,0.08675384615384615,0.19112117520841618,0.5490573013124526
63665,Aigle gare,m,Aigle,10993.0,7019.0,0.33993999999999996,0.6758884028000001,0.6454,22640.0,0.0,0.0,0.30169968056
63675,Chavannes les Cèdres,m,Chavannes-près-Renens,61084.0,127199.0,1.0,0.7689455554666667,0.7343,19374.0,0.0,0.0,0.5272191110933333
63680,Cossonay,m,Cossonay-Ville,6945.0,10712.0,0.2566133333333333,0.9467374712000001,0.9041,0.0,0.0,0.0,0.35674149424
63690,Ecublens - Croset,mm,Ecublens,32457.0,94294.0,1.0,0.6190121867999999,0.5911,0.0,0.0,0.0,0.48291243736
63695,Blécherette,m,Lausanne,80662.0,152761.0,1.0,0.8152855242666667,0.7785,30639.0,0.08675384615384615,0.16479754772800356,0.5912173836297033
63710,Lausanne - La Harpe,m,Lausanne,108622.0,128035.0,1.0,0.6461043462666667,0.617,30639.0,0.08675384615384615,0.19348620558159135,0.5469688796004208
63720,Cugy,m,Cugy VD,6716.0,31695.0,0.39039333333333337,0.9750397809333332,0.9311,0.0,0.0,0.0,0.4052359561866667
63730,Blonay,m,Blonay,21748.0,56108.0,0.91328,0.5836242713333334,0.5573,49853.0,0.38235384615384616,0.18188236626040458,0.5592860967495169
84210,Hôpital,mm,Neuchâtel,29157.0,24160.0,0.8277333333333333,0.40717822093333333,0.3888,30304.0,0.0816,0.08223652597188902,0.4014029493810444
63740,Vallorbe,m,Vallorbe,3790.0,2043.0,0.11468666666666667,0.5279447832,0.5042,23230.0,0.0,0.0,0.19041495664
84220,Portes-Rouges,m,Neuchâtel,25775.0,26320.0,0.8421333333333333,0.4795249073333333,0.4579,30304.0,0.0816,0.06376954216382681,0.423408889899432
63750,Yverdon Sud,m,Yverdon-les-Bains,30571.0,9461.0,0.72974,0.8435786117333334,0.8056,24371.0,0.0,0.0,0.46819772234666673
84230,Métropole Centre,mmm,La Chaux-de-Fonds,35800.0,2893.0,0.6859533333333333,0.7107987085333334,0.6788,24889.0,0.0,0.0,0.4158257417066667
84240,Marché FR,m,Fribourg,58174.0,24348.0,0.8289866666666666,0.8747456633333334,0.8353,28458.0,0.0532,0.03904027200770689,0.5256231870682081
96531,Unterwetzikon,m,Wetzikon ZH,26619.0,28167.0,0.8544466666666667,0.9613704493333334,0.918,0.0,0.0,0.0,0.5404080898666667
63770,Lausanne - Sévelin,m,Lausanne,135305.0,114850.0,1.0,0.7862258564,0.7508,30639.0,0.08675384615384615,0.1767865438513118,0.5850332492810316
84250,Morat,mm,Morat,10795.0,5741.0,0.32614000000000004,0.731184676,0.6982,0.0,0.0,0.0,0.3138989352
84260,Peseux,mm,Peseux,28506.0,30264.0,0.8684266666666667,0.6250795966666667,0.5969,26231.0,0.01893846153846154,0.023100746595665956,0.45364176096015885
84270,Gruyère-Centre,mmm,Bulle,27429.0,10913.0,0.73942,0.7369242781333333,0.7037,27017.0,0.03103076923076923,0.0,0.4457870094728205
84280,Le Locle,mm,Le Locle,9231.0,3904.0,0.2721866666666667,0.6919330445333334,0.6607,23064.0,0.0,0.0,0.2861126089066667
63810,Oron-la-Ville,m,Oron-la-Ville,4678.0,9573.0,0.18856666666666666,0.9994361070666666,0.9544,0.0,0.0,0.0,0.35189722141333335
84292,Romont,mm,Romont,6277.0,6199.0,0.20871333333333333,0.7883230548,0.7528,0.0,0.0,0.0,0.29555861096
63820,Prilly,m,Prilly,115218.0,130066.0,1.0,0.8599625786666667,0.8212,26900.0,0.02923076923076923,0.09541393911421582,0.5790414574023303
84300,Pérolles Centre,mm,Fribourg,56681.0,24218.0,0.8281200000000001,0.8281623967999999,0.7908,28458.0,0.0532,0.0422836837589859,0.5122452161117972
63825,Orbe Gruvatiez,m,Orbe,8483.0,6829.0,0.27174000000000004,0.8722054528000001,0.8329,26560.0,0.024,0.0,0.34405309056
84310,Les Eplatures,mm,La Chaux-de-Fonds,23705.0,17193.0,0.7467533333333334,0.5954334769333334,0.5686,24889.0,0.0,0.0,0.3999726953866667
63835,Lutry – La Conversion,m,La Conversion,33039.0,113603.0,1.0,0.5630057448,0.5376,0.0,0.0,0.0,0.46636114896
63840,Sainte-Croix,m,Ste-Croix,4289.0,1685.0,0.12560666666666667,0.5959728185333334,0.5691,0.0,0.0,0.0,0.2137865637066667
84320,Düdingen,mm,Düdingen,7211.0,15109.0,0.29302,0.7322735737333333,0.6993,32751.0,0.11924615384615385,0.0,0.3281399455158975
63850,La Vallée,m,Le Sentier,3841.0,1532.0,0.11264,0.6824424282666667,0.6517,0.0,0.0,0.0,0.23545048565333337
84330,Châtel-St-Denis,mm,Châtel-St-Denis,7767.0,7410.0,0.25652,0.7558934285333333,0.7218,0.0,0.0,0.0,0.3003146857066667
84340,Centre la Tour,mm,La Tour-de-Trême,16826.0,19797.0,0.5806733333333333,0.7192121489333334,0.6868,0.0,0.0,0.0,0.3867244297866667
63865,Lausanne - La Borde,m,Lausanne,146883.0,92435.0,1.0,0.7979562419999999,0.762,30639.0,0.08675384615384615,0.17002016242868595,0.5871460501165064
63870,Prilly - Malley,m,Prilly,116450.0,129102.0,1.0,0.8156500706666666,0.7789,26900.0,0.02923076923076923,0.09893982428483603,0.5666541328364544
84350,Flamatt,m,Flamatt,6894.0,7952.0,0.23685333333333333,0.7927335144,0.757,0.0,0.0,0.0,0.30530270288
63880,Lausanne - Bellevaux,m,Lausanne,87438.0,133640.0,1.0,0.8034146744,0.7672,30639.0,0.08675384615384615,0.16039661406412634,0.5868330269235945
84360,Agy,mm,Granges-Paccot,36574.0,40337.0,0.93558,0.797711972,0.7618,27904.0,0.04467692307692308,0.03764815508654466,0.5328614100326935
63895,Lausanne - Flon Europe,m,Lausanne,141959.0,102201.0,1.0,0.7466526880000001,0.713,30639.0,0.08675384615384615,0.17996913455410146,0.5739751337415896
63900,Etoy,m,Etoy,8967.0,9804.0,0.30448000000000003,0.49910878919999996,0.4766,38237.0,0.20364615384615384,0.0,0.2795549886092308
63910,Ecublens - EPFL,m,Ecublens VD,38444.0,113442.0,1.0,0.6338205425333333,0.6053,0.0,0.0,0.0,0.48729410850666666
63930,Orbe,m,Orbe,8261.0,7501.0,0.2703,0.9146211197333334,0.8734,26560.0,0.024,0.0,0.35615422394666674
63940,Epalinges,mm,Epalinges,27745.0,105773.0,1.0,0.7294043698666667,0.6965,42431.0,0.26816923076923077,0.2071888752807707,0.6106024951833335
63950,La Tour-de-Peilz,m,La Tour-de-Peilz,40183.0,39233.0,0.92822,0.4417168545333333,0.4218,41301.0,0.2507846153846154,0.19731368030315435,0.49860903004422064
63970,Lausanne - Saint-Paul,m,Lausanne,138172.0,110350.0,1.0,0.8167712460000001,0.78,30639.0,0.08675384615384615,0.17166019117503967,0.5930370566657773
63991,Clarens - Centre,m,Clarens,30105.0,44074.0,0.9604933333333333,0.4265491037333333,0.4073,0.0,0.0,0.0,0.4141878207466666
150007,Zürich - Stadelhofen,m,Zürich,148578.0,198420.0,1.0,1.0,0.955,42364.0,0.26713846153846155,0.32808184404934676,0.7145440611175616
150008,Zürich - Wollishofen,mm,Zürich,52102.0,211924.0,1.0,0.6156474946666667,0.5879,42364.0,0.26713846153846155,0.3742238631852365,0.610191963878073
150009,Zürich - Kreuzplatz,mm,Zürich,121836.0,203653.0,1.0,0.9447280253333334,0.9021,42364.0,0.26713846153846155,0.3266039704662705,0.697904091467613
150010,Zürich - Wengihof,m,Zürich,183117.0,193511.0,1.0,0.9743045290666668,0.9304,42364.0,0.26713846153846155,0.35114603848572623,0.7115578058181709
150011,Zürich - Witikon-Zentrum,mm,Zürich,33682.0,133353.0,1.0,0.7249093498666667,0.6922,42364.0,0.26713846153846155,0.24801186065487504,0.6172319344120005
150014,Zürich - Schwamendingen,m,Zürich,93094.0,230918.0,1.0,1.0,1.0,42364.0,0.26713846153846155,0.28925859607178017,0.7112794115220483
150015,Zürich - Affoltern,mm,Zürich,39157.0,232419.0,1.0,1.0,1.0,42364.0,0.26713846153846155,0.26953598465163153,0.7073348892380186
150016,Zürich - Wiedikon M-Märt,mm,Zürich,138499.0,196515.0,1.0,0.8729713378666667,0.8336,42364.0,0.26713846153846155,0.3495657461429608,0.6812951091096178
150017,Zürich - Oerlikon Neumarkt,mm,Zürich,105032.0,252507.0,1.0,1.0,1.0,42364.0,0.26713846153846155,0.3184626012748783,0.7171202125626679
150018,Zürich - Limmatplatz,mmm,Zürich,171327.0,228369.0,1.0,1.0,0.9942,42364.0,0.26713846153846155,0.34964576723016005,0.7227768457537244
150020,Zürich - Seebach,mm,Zürich,88349.0,200828.0,1.0,1.0,0.9877,42364.0,0.26713846153846155,0.28453562290613826,0.70910481688892
150021,Oberglatt,m,Oberglatt ZH,21995.0,42169.0,0.86766,0.9195034252000001,0.8781,0.0,0.0,0.0,0.53200868504
150050,Wollerau Märt Roospark,m,Wollerau,22248.0,25152.0,0.76096,0.6044829541333334,0.5772,146012.0,1.0,0.07111932397888414,0.6211284556224436
150053,Schlieren - Kesslerplatz,m,Schlieren,35216.0,121378.0,1.0,0.8945532098666666,0.8542,29524.0,0.0696,0.1015704203516124,0.598564726043656
150054,Dübendorf,mm,Dübendorf,47152.0,117079.0,1.0,1.0,0.9989,38457.0,0.20703076923076924,0.1585964917977576,0.6730154522057055
150055,Horgen - Schinzenhof,mm,Horgen,22069.0,26706.0,0.7665466666666667,0.568734444,0.5431,48403.0,0.36004615384615385,0.07576091156249608,0.48518230188173
23080,Liestal,mm,Liestal,21404.0,28458.0,0.7604933333333334,0.9745779887999999,0.9307,34217.0,0.1418,0.0,0.5444935977600001
150056,Glattbrugg,m,Glattbrugg,69845.0,143413.0,1.0,1.0,1.0,0.0,0.0,0.0,0.6
150059,Bülach - Sonnenhof,mm,Bülach,30023.0,32528.0,0.88352,0.9575728462666666,0.9144,34807.0,0.15087692307692308,0.0,0.5781859538687179
150060,Regensdorf - Zentrum,mmm,Regensdorf,20843.0,90539.0,0.8891466666666666,0.91327962,0.8721,31584.0,0.1012923076923077,0.08394452540611222,0.573657290619684
150061,Volketswil,mm,Volketswil,29919.0,76415.0,1.0,0.9445908977333333,0.902,36462.0,0.17633846153846153,0.09907197420023138,0.6342002666944053
150062,Adliswil,mm,Adliswil,36209.0,51247.0,1.0,0.5787673017333334,0.5527,42365.0,0.26715384615384613,0.17355701122161796,0.5591656318217595
150063,Meilen,mm,Meilen,11640.0,32376.0,0.52624,0.5440661989333334,0.5195,68581.0,0.6704769230769231,0.07656612767783219,0.4680438499376177
150064,Glarus - Zentrum Glärnisch,mm,Glarus,10711.0,3454.0,0.30865333333333334,0.42537952560000003,0.4062,30018.0,0.0772,0.0,0.23373190512000003
150065,Dietikon - Löwenzentrum,mm,Dietikon,42102.0,64554.0,1.0,0.9152725793333334,0.874,26289.0,0.01983076923076923,0.034929694115287825,0.5814066085358781
150066,Thalwil,mm,Thalwil,30109.0,57497.0,1.0,0.5885435466666666,0.562,57609.0,0.5016769230769231,0.23428359830917111,0.6211008136105522
150067,Kloten,mm,Kloten,34439.0,109046.0,1.0,0.9207961936,0.8793,31967.0,0.10718461538461538,0.1132903288561598,0.6161842275681552
150068,Einsiedeln,mm,Einsiedeln,10619.0,4116.0,0.31061333333333335,0.6361015745333334,0.6074,34921.0,0.15263076923076924,0.0,0.31167046875282056
150069,Stäfa,mm,Stäfa,16625.0,29639.0,0.6409266666666666,0.5439523954666666,0.5194,50649.0,0.3946,0.07665551340087948,0.4472595817735092
150071,Rapperswil - Sonnenhof,mm,Rapperswil SG,25804.0,40892.0,0.93928,0.7141693508,0.682,0.0,0.0,0.0,0.49281787016
150072,Pfäffikon - Seedammcenter,mm,Pfäffikon SZ,10987.0,36019.0,0.5331133333333333,0.4535059137333334,0.4331,0.0,0.0,0.0,0.2939451827466667
150073,Lachen,mm,Lachen,18889.0,15074.0,0.6042,0.6072786517333334,0.5799,52738.0,0.4267384615384615,0.0,0.44605342265435893
133690,Sion - Le Ritz,m,Sion,31703.0,24723.0,0.8314866666666667,0.7073451024,0.6755,29456.0,0.06855384615384616,0.022013687026902266,0.47657852711614973
150074,Egg,mm,Egg,11761.0,39770.0,0.57876,0.9789436431999999,0.9348,44647.0,0.30226153846153847,0.0,0.5233490363323077
150075,Rüschlikon Parkside,m,Rüschlikon,37317.0,41670.0,0.9444666666666667,0.5134637624,0.4903,88890.0,0.9829230769230769,0.33881162799296377,0.6994096934632081
150077,Zürich - Höngg,m,Zürich,81280.0,263592.0,1.0,1.0,1.0,42364.0,0.26713846153846155,0.31332292970850356,0.716092278249393
150078,Eglisau-Nord,m,Eglisau,6496.0,14205.0,0.2679266666666667,0.8865956030666666,0.8466,37339.0,0.18983076923076922,0.0,0.3803232744594872
150079,Affoltern a. A.,mm,Affoltern am Albis,18996.0,18475.0,0.6297266666666667,0.9648330118666667,0.9213,33508.0,0.1308923076923077,0.0,0.5001930639117949
150080,Uitikon-Waldegg,m,Uitikon Waldegg,25848.0,163073.0,1.0,0.9250025334666667,0.8833,0.0,0.0,0.0,0.5733305066933333
133697,Sion - Tourbillon Center,m,Sion,21742.0,24594.0,0.7437466666666667,0.5550324394666667,0.53,29456.0,0.06855384615384616,0.02935277882332882,0.40671181288876834
150081,Schlieren - Rietbach,mm,Schlieren,44545.0,107735.0,1.0,0.9184404453333335,0.877,29524.0,0.0696,0.09676144833605815,0.6046603787338783
150082,Dübendorf Stettbach,m,Dübendorf,52315.0,190693.0,1.0,1.0,1.0,38457.0,0.20703076923076924,0.21669002563701983,0.6847441589735578
150083,Reichenburg,m,Reichenburg,6781.0,17073.0,0.29464666666666667,0.7345348177333333,0.7014,33159.0,0.12552307692307693,0.0,0.33054557893128206
133710,Fully,m,Fully,12118.0,19301.0,0.45181999999999994,0.5531990477333333,0.5283,27124.0,0.032676923076923076,0.0,0.30555119416205123
133720,Savièse,m,Savièse,11298.0,32923.0,0.5207666666666667,0.5458350434666667,0.5212,33466.0,0.13024615384615384,0.03406903935769031,0.3503800473341022
133730,St-Maurice,m,St-Maurice,6279.0,10419.0,0.2369,0.4579606716,0.4373,0.0,0.0,0.0,0.20639213431999998
150115,Zürich - Rigiplatz,m,Zürich,156494.0,254771.0,1.0,1.0,1.0,42364.0,0.26713846153846155,0.341603746557251,0.7217484416191424
150116,Zürich - Höschgasse,m,Zürich,100700.0,196942.0,1.0,0.8710269860000001,0.8318,42364.0,0.26713846153846155,0.3248920782853546,0.6757915051647633
150117,Zürich - Burgwies,m,Zürich,76250.0,175489.0,1.0,0.853902456,0.8154,42364.0,0.26713846153846155,0.2949443400910501,0.6647370515259022
150120,Zürich - Schmiede Wiedikon,m,Zürich,164766.0,195621.0,1.0,0.9452723093333334,0.9027,42364.0,0.26713846153846155,0.34814152051610797,0.7023804582775806
150122,Zürich - Pünt,m,Zürich,90705.0,193709.0,1.0,0.8934793389333333,0.8532,42364.0,0.26713846153846155,0.3103179393053517,0.6795071479554293
150130,Dietikon - Limmatfeld,m,Dietikon,45644.0,64510.0,1.0,0.9206057802666666,0.8791,26289.0,0.01983076923076923,0.036219897045006534,0.5832412893084885
150131,Zürich - Stockerstrasse M-Express,m,Zürich,175692.0,187624.0,1.0,0.9773904409333333,0.9333,42364.0,0.26713846153846155,0.34268102120569993,0.710771984735499
150132,Zürich - Puls 5 M-Express,m,Zürich,146542.0,247318.0,1.0,1.0,0.9584,42364.0,0.26713846153846155,0.3544394532832145,0.7201555829643352
133750,Saas Fee,m,Saas Fee,2005.0,1171.0,0.061273333333333325,0.19334836746666667,0.1846,0.0,0.0,0.0,0.07551167349333333
23160,Basel - Schützenmatt,m,Basel,164052.0,122607.0,1.0,1.0,1.0,40666.0,0.2410153846153846,0.2498694545719853,0.698176967837474
150140,Zürich - ShopVilleMärt,m,Zürich,183748.0,202327.0,1.0,1.0,0.9609,42364.0,0.26713846153846155,0.3495095546247024,0.7194196032326328
133760,Le Bouveret,m,Bouveret,4097.0,4981.0,0.14246,0.32054172253333335,0.3061,0.0,0.0,0.0,0.13745634450666666
23170,Basel - Allschwiler,m,Basel,154441.0,121510.0,1.0,1.0,1.0,40666.0,0.2410153846153846,0.25079391450665534,0.6983618598244079
150147,Rümlang Hofwisencenter,m,Rümlang,11695.0,111296.0,0.6452,0.7917803302666667,0.7561,31330.0,0.09738461538461539,0.10765767952150623,0.46853452503455767
150149,Dielsdorf,mm,Dielsdorf,15753.0,48981.0,0.7466200000000001,0.9821657133333334,0.9379,32692.0,0.11833846153846155,0.0,0.537876834974359
150151,Urdorf - Spitzacker,m,Urdorf,21446.0,88870.0,0.9052266666666666,0.8442657584000001,0.8062,35388.0,0.1598153846153846,0.11480176900956539,0.5759645824049899
150153,Fällanden,m,Fällanden,25354.0,73470.0,1.0,0.9255211101333334,0.8838,42444.0,0.26836923076923075,0.11240049071709549,0.649638166323932
133770,Naters,m,Naters,20975.0,4605.0,0.5900333333333333,0.46014192573333335,0.4394,29309.0,0.06629230769230769,0.0,0.3262368466851282
150154,Opfikon - Glattpark,mm,Opfikon,97732.0,184363.0,1.0,1.0,1.0,32869.0,0.12106153846153846,0.18219580546134462,0.6606514687845766
150156,Greifensee,m,Greifensee,19582.0,61040.0,0.85552,0.736768042,0.7036,41964.0,0.26098461538461537,0.1153725381603374,0.5496410391089905
150157,Küsnacht ZH,m,Küsnacht ZH,20490.0,74361.0,0.8797333333333333,0.6164773602666667,0.5887,0.0,0.0,0.0,0.4460854720533334
150158,Richterswil,m,Richterswil,24509.0,30683.0,0.8581266666666667,0.5931885904,0.5665,42196.0,0.26455384615384614,0.08409275763414027,0.5024550388375973
150160,Eschenbach,m,Eschenbach,5690.0,16639.0,0.26266,0.6695474814666666,0.6394,0.0,0.0,0.0,0.27664749629333335
150161,Oberengstringen,m,Oberengstringen,42169.0,148781.0,1.0,0.8996985173333333,0.8591,37265.0,0.1886923076923077,0.1958673400548412,0.6427616330160963
150163,Wallisellen,m,Wallisellen,69767.0,154134.0,1.0,1.0,0.9859,42118.0,0.26335384615384616,0.23526302970407287,0.6983133751715838
150164,Bassersdorf,mm,Bassersdorf,28195.0,87801.0,1.0,1.0,0.9848,36293.0,0.17373846153846154,0.09820871615107282,0.6528694355379069
150168,Langnau a. A.,m,Langnau am Albis,18626.0,50869.0,0.8300266666666666,0.5975030977333333,0.5706,43026.0,0.27732307692307695,0.13027574544585016,0.5070883840204521
150169,Dietlikon - Brunnenwiese,m,Dietlikon,34982.0,105093.0,1.0,0.9161836025333333,0.8749,37835.0,0.19746153846153847,0.1509486653186604,0.6404087612627064
150170,Ebmatingen,m,Ebmatingen,16747.0,38475.0,0.7030866666666666,0.8038018538666667,0.7676,0.0,0.0,0.0,0.4484463707733333
150177,Zollikon - Dorf,m,Zollikon,34508.0,109971.0,1.0,0.6521956669333334,0.6228,87131.0,0.9558615384615384,0.4555169593076843,0.7749948329405112
150178,Jona - Stadttor,m,Jona,26465.0,30806.0,0.87204,0.6901462562666667,0.659,0.0,0.0,0.0,0.4655412512533334
150179,Uznach - Frohsinn,mm,Uznach,11246.0,17573.0,0.4170466666666666,0.8813455872,0.8416,27553.0,0.03927692307692308,0.0,0.3933985020553846
150180,Niederhasli,m,Niederhasli,21888.0,45786.0,0.88892,0.9909073561333333,0.9462,32455.0,0.11469230769230769,0.0,0.5824159327651283
150181,Hombrechtikon,m,Hombrechtikon,13463.0,43102.0,0.64636,0.8061328569333334,0.7698,36068.0,0.17027692307692308,0.0,0.4661699560020513
150182,Gossau ZH,m,Gossau ZH,12373.0,53840.0,0.66328,1.0,1.0,0.0,0.0,0.0,0.498984
150183,Zürich - Leimbach Sihlbogen,m,Zürich,34754.0,140563.0,1.0,0.5445557957333333,0.52,42364.0,0.26713846153846155,0.3126197541297623,0.5768628022803114
150184,Zürich - Hauptbahnhof,m,Zürich,178999.0,203474.0,1.0,0.9836224272,0.9393,42364.0,0.26713846153846155,0.35242877025710745,0.7145679317991138
150185,Erlenbach - Erlibacher Märt,m,Erlenbach ZH,19982.0,54510.0,0.8661866666666667,0.6353064712000001,0.6067,0.0,0.0,0.0,0.44758729424
150187,Niederurnen,m,Niederurnen,5858.0,13177.0,0.24406000000000003,0.6148024796,0.5871,0.0,0.0,0.0,0.25488849592
150188,Rapperswil - Zentrum,m,Rapperswil SG,25541.0,37186.0,0.9145733333333333,0.6963675142666667,0.665,0.0,0.0,0.0,0.48014550285333335
150189,Birmensdorf,m,Birmensdorf ZH,8056.0,55324.0,0.5481600000000001,0.9667544356000001,0.9232,0.0,0.0,0.0,0.4501188871200001
150190,Zumikon,mm,Zumikon,15854.0,54710.0,0.7561066666666667,0.8112103637333333,0.7746,86600.0,0.9476923076923077,0.129723949667947,0.6820173242187176
150193,Zürich - Airport,mm,Kloten,29149.0,87069.0,1.0,0.6981560649333333,0.6667,31967.0,0.10718461538461538,0.12051467718923584,0.5518410715014369
23220,Allschwil - Ziegelei,m,Allschwil,91472.0,151703.0,1.0,1.0,0.9854,40351.0,0.23616923076923077,0.237087998794288,0.6931914459127039
150197,Männedorf,m,Männedorf,26528.0,28753.0,0.8583533333333334,0.6409009965333333,0.612,51191.0,0.4029384615384615,0.08196770401013097,0.5438674324163852
150198,Schlieren - Zentrum,m,Schlieren,44022.0,129065.0,1.0,0.92427067,0.8826,29524.0,0.0696,0.1075925373882886,0.6085526414776578
150201,Zürich - Altstetten Neumarkt,mmm,Zürich,93825.0,211629.0,1.0,0.9101748998666666,0.8692,42364.0,0.26713846153846155,0.3211462772361661,0.6866119277282589
150202,Zürich - City,mmm,Zürich,187380.0,193323.0,1.0,0.9963984916,0.9515,42364.0,0.26713846153846155,0.34861127223478877,0.7175796450746501
150203,Bülach Süd,mmm,Bülach,30480.0,25166.0,0.83444,0.8478612598666667,0.8096,34807.0,0.15087692307692308,0.0,0.531039636588718
23230,Laufen - Birscenter,mm,Laufen,9657.0,11111.0,0.33159333333333335,0.8363927773333333,0.7987,32114.0,0.10944615384615385,0.0,0.3685157862358974
84710,Avry Centre,mmm,Avry-sur-Matran,4498.0,28572.0,0.31042666666666663,0.6863464641333333,0.6554,0.0,0.0,0.0,0.29593729282666664
150251,Uster - Illuster,mmm,Uster,34671.0,36014.0,0.9067599999999999,0.9004216769333333,0.8598,38595.0,0.20915384615384616,0.03294168632239223,0.5865114418819144
150252,Wädenswil,mmm,Wädenswil,20955.0,22886.0,0.7113733333333333,0.5956290862666667,0.5688,42936.0,0.2759384615384615,0.0,0.4446055095610256
84721,Marin Centre,mmm,Marin-Epagnier,8709.0,13996.0,0.32554666666666665,0.48881388626666666,0.4668,0.0,0.0,0.0,0.24210677725333332
23310,Lehenmatt,m,Basel,66619.0,187116.0,1.0,0.9414493693333333,0.899,40666.0,0.2410153846153846,0.26354050215141717,0.679101051220027
64270,Montagny,mm,Montagny-près-Yverdon,23536.0,19377.0,0.7568066666666667,0.8531193577333334,0.8147,33110.0,0.12476923076923077,0.0,0.5040897177005128
64280,Renens - Florissant,m,Renens VD,107899.0,134467.0,1.0,0.8658524925333333,0.8268,0.0,0.0,0.0,0.5558504985066667
150303,Zürich - Bahnhof Enge,m,Zürich,155474.0,194556.0,1.0,0.9291333627999999,0.8873,42364.0,0.26713846153846155,0.3455601884306335,0.697096402553819
133920,Crans-Montana,m,Crans-Montana,8821.0,3400.0,0.2578933333333333,0.43321203306666667,0.4137,39218.0,0.21873846153846155,0.0,0.24912809892102566
64290,Morges,mm,Morges,23835.0,24789.0,0.80086,0.7168803954666666,0.6846,37272.0,0.1888,0.0,0.4898540790933334
150307,Dietikon Silbern,mm,Dietikon,39751.0,53344.0,1.0,0.8048971905333333,0.7686,26289.0,0.01983076923076923,0.03456252812176681,0.5487180975771739
150312,Zürich - Schaffhauserplatz,m,Zürich,172239.0,251229.0,1.0,1.0,1.0,42364.0,0.26713846153846155,0.3393994836802846,0.7213075890437491
150319,Zürich - Toblerplatz,m,Zürich,50510.0,242259.0,1.0,0.7408444818666666,0.7075,42364.0,0.26713846153846155,0.3559715797850626,0.6435409046380381
150326,Zürich - Wipkingen,m,Zürich,158509.0,254242.0,1.0,1.0,1.0,42364.0,0.26713846153846155,0.34087596846696455,0.7216028860010851
150327,Zürich - Albisriederplatz,m,Zürich,172705.0,205096.0,1.0,0.9601895754666666,0.9169,42364.0,0.26713846153846155,0.3550153936594703,0.7081586861329197
150329,Schindellegi,m,Schindellegi,6511.0,34323.0,0.4024466666666666,0.7656488864,0.7311,0.0,0.0,0.0,0.34697377728
150330,Näfels,m,Näfels,8631.0,10306.0,0.29886666666666667,0.5232401446666667,0.4997,0.0,0.0,0.0,0.24427802893333334
64320,Chavannes - Renens,m,Chavannes-Renens,61628.0,121836.0,1.0,0.7615401465333334,0.7272,0.0,0.0,0.0,0.5250280293066667
64325,Renens Silo,m,Renens,73169.0,132488.0,1.0,0.7622875367999999,0.7279,0.0,0.0,0.0,0.52524750736
64330,Bussigny,mm,Bussigny-Lausanne,26006.0,86186.0,1.0,0.8485141068,0.8103,0.0,0.0,0.0,0.55073282136
64340,Lausanne - La Sallaz,m,Lausanne,114244.0,106010.0,1.0,0.8263712297333333,0.7891,30639.0,0.08675384615384615,0.15689627677800447,0.5929142705330369
150360,Zürich - Altstetten M-Express,m,Zürich,95164.0,221358.0,1.0,0.9526892679999999,0.9098,42364.0,0.26713846153846155,0.319070044518243,0.6987595548113409
150361,Zürich - HB Sihlquai,m,Zürich,89701.0,227021.0,1.0,0.6770063818666667,0.6465,42364.0,0.26713846153846155,0.39429121378173465,0.6323372114373725
150362,Daily Zürich-Zollstrasse,m,Zürich,180084.0,212921.0,1.0,1.0,0.9759,42364.0,0.26713846153846155,0.35001212713349167,0.7210201177343907
64350,Moudon,mm,Moudon,5802.0,6146.0,0.19569333333333336,0.7713293469333333,0.7366,19400.0,0.0,0.0,0.2866338693866667
64360,Payerne,mm,Payerne,12567.0,8139.0,0.38938,1.0,1.0,22125.0,0.0,0.0,0.416814
64380,Rolle,mm,Rolle,12586.0,7348.0,0.3846133333333333,0.5620844438666667,0.5368,41758.0,0.2578153846153846,0.0,0.33304396569641026
64410,Montreux,mm,Montreux,22322.0,30477.0,0.7984333333333332,0.395287718,0.3775,32123.0,0.10958461538461539,0.09751343475812344,0.3977571536285477
64420,Vevey - Midi Coindet,mm,Vevey,36862.0,31186.0,0.8745733333333333,0.48455264386666663,0.4627,29023.0,0.06189230769230769,0.07745874816162776,0.4334227399441205
93120,Winterthur - Obertor,m,Winterthur,72858.0,50211.0,1.0,1.0,0.9619,32488.0,0.1152,0.08973586464935107,0.6371771729298702
93130,Schaffhausen - Buchthalen,m,Schaffhausen,28454.0,29462.0,0.8630800000000001,0.723662422,0.691,33418.0,0.1295076923076923,0.03107114159747966,0.5048722511810344
44010,Carouge - Acacias,m,Carouge GE,221105.0,177222.0,1.0,1.0,0.9841,0.0,0.0,0.0,0.59841
44020,Chêne-Vert,mm,Chêne-Bourg,86674.0,245198.0,1.0,0.9455098586666667,0.9029,32118.0,0.1095076923076923,0.21160373877160843,0.6436142579491935
93175,Turbenthal,m,Turbenthal,6030.0,5208.0,0.19552,0.8100291618666666,0.7735,27046.0,0.031476923076923076,0.0,0.3043072169887179
44030,Genève - Balexert,mmm,Genève 28,141496.0,228535.0,1.0,0.9642690916000001,0.9208,0.0,0.0,0.0,0.58493381832
64520,Lausanne - Chailly,mm,Lausanne,109049.0,103675.0,1.0,0.7530160394666667,0.7191,30639.0,0.08675384615384615,0.16330418725331358,0.5725248145747653
44060,Genève - Cointrin Aéroport,m,Genève 15 Aéroport,41916.0,193019.0,1.0,0.7772486184,0.7422,0.0,0.0,0.0,0.52966972368
44090,Carouge,m,Carouge GE,165158.0,210767.0,1.0,0.9867853222666667,0.9423,0.0,0.0,0.0,0.5915870644533333
64570,Lausanne - Bergières,mm,Lausanne,106097.0,130304.0,1.0,0.764622388,0.7302,30639.0,0.08675384615384615,0.17348478031456468,0.5779922028936821
23620,Dornach,m,Dornach,39848.0,38816.0,0.92544,0.8903000266666666,0.8502,44638.0,0.30212307692307694,0.07731969878913156,0.616600560475775
64580,Lausanne - Closelet,mm,Lausanne,125268.0,112023.0,1.0,0.6779528321333332,0.6474,30639.0,0.08675384615384615,0.18800421014052787,0.5552821776855414
134220,Zermatt,mm,Zermatt,6521.0,266.0,0.17566666666666667,0.13855733586666666,0.1323,34023.0,0.13881538461538462,0.0,0.12140454409641027
44110,Genève - Champel,mm,Genève,187889.0,215621.0,1.0,0.970857492,0.9271,35399.0,0.1599846153846154,0.284134354592888,0.6757052923955007
64590,Renens - Métropole,mm,Renens VD,75750.0,126163.0,1.0,0.8562906558666666,0.8177,0.0,0.0,0.0,0.5530281311733334
134230,Leukerbad,m,Leukerbad,1286.0,82.0,0.03484,0.1614609768,0.1542,25323.0,0.004969230769230769,0.0,0.059158041513846155
23640,Pratteln,mm,Pratteln,22567.0,40418.0,0.8712399999999999,0.7532724528,0.7193,29491.0,0.06909230769230769,0.029695780757375844,0.5037141082499367
64600,Pully,mm,Pully,84575.0,118985.0,1.0,0.5992188982666666,0.5722,55136.0,0.46363076923076924,0.4264013003042301,0.6550701935603331
134240,Verbier,m,Verbier,7379.0,1358.0,0.20582666666666663,0.2522685689333334,0.2409,0.0,0.0,0.0,0.13629171378666666
134250,Haute-Nendaz,m,Haute-Nendaz,4773.0,1324.0,0.13610666666666668,0.33471826746666666,0.3196,0.0,0.0,0.0,0.13973565349333333
44140,Genève - Charmilles,mm,Genève,178843.0,200203.0,1.0,0.8571209017333333,0.8185,35399.0,0.1599846153846154,0.2950239564222586,0.6442758947080414
93300,Bauma,m,Bauma,3636.0,10297.0,0.16560666666666668,0.7849481525333333,0.7496,30989.0,0.09213846153846154,0.0,0.300059322814359
134260,Steg,m,Steg,3063.0,3426.0,0.10452,0.34255723413333333,0.3271,0.0,0.0,0.0,0.13257744682666667
23670,Basel - Neuweiler,m,Basel,123484.0,143086.0,1.0,1.0,1.0,40666.0,0.2410153846153846,0.2445727469121203,0.697117626305501
150665,Zürich - Brunaupark,mm,Zürich,75301.0,212746.0,1.0,0.6401992985333333,0.6113,42364.0,0.26713846153846155,0.3852062689687782,0.6196388058081146
150670,Wallisellen - Glattzentrum,mmm,Wallisellen,52559.0,133299.0,1.0,0.8950270733333333,0.8547,42118.0,0.26335384615384616,0.22750024419112347,0.6626462327356606
44180,Genève - Cornavin Gare,m,Genève,225810.0,174593.0,1.0,0.9146297189333333,0.8734,35399.0,0.1599846153846154,0.29322874234982216,0.660908615333554
23720,Basel - Mülhauser,m,Basel,135674.0,152634.0,1.0,1.0,1.0,40666.0,0.2410153846153846,0.25873750097825404,0.6999505771187277
23740,Binningen - Gorenmatt,mm,Binningen,78221.0,189467.0,1.0,1.0,0.9576,55924.0,0.47575384615384614,0.3678149788067558,0.7644737649921205
44230,Genève - Plainpalais,mm,Genève,226297.0,181088.0,1.0,1.0,0.9645,35399.0,0.1599846153846154,0.2789745524323314,0.6842418335633893
44250,Genève - Eaux-Vives,mm,Genève,202031.0,218508.0,1.0,0.9795545346666665,0.9354,35399.0,0.1599846153846154,0.2897897100315369,0.6794057720165638
23790,Bubendorf,mm,Bubendorf,9343.0,23758.0,0.4075333333333333,0.8415808498666667,0.8037,35233.0,0.15743076923076924,0.0,0.4024323238194872
23800,Oberwil,mmm,Oberwil,29646.0,115750.0,1.0,0.9623718841333334,0.919,0.0,0.0,0.0,0.5843743768266667
23810,Muttenz - Lutzert,m,Muttenz,41527.0,165241.0,1.0,0.8729458349333333,0.8336,39440.0,0.22215384615384615,0.23080645449696596,0.6485412271168292
44290,Genève - Fusterie M-Express,m,Genève,224545.0,185320.0,1.0,0.9332897996,0.8912,35399.0,0.1599846153846154,0.2937881483457047,0.666532512666064
23820,Basel - Märtplatz,m,Basel,155185.0,144424.0,1.0,1.0,1.0,40666.0,0.2410153846153846,0.25913272836142265,0.7000296225953614
44300,Gland,m,Gland,15266.0,25323.0,0.5759133333333333,0.5645606096,0.5391,36580.0,0.17815384615384616,0.0,0.37522689115076924
150801,VOI Zürich - Grünau,voi,Zürich,83272.0,221209.0,1.0,0.941818434,0.8994,42364.0,0.26713846153846155,0.31347031444405626,0.6944254419965036
150802,VOI Buchs ZH,voi,Buchs,18155.0,34571.0,0.7146066666666666,0.8675311856,0.8284,0.0,0.0,0.0,0.47072823712
150803,VOI Horgen,voi,Horgen,19295.0,28436.0,0.7041066666666667,0.5621529628,0.5368,48403.0,0.36004615384615385,0.07269576937127802,0.4638909772034864
150804,VOI Zürich - In der Ey,voi,Zürich,93751.0,194114.0,1.0,0.8123553405333334,0.7757,42364.0,0.26713846153846155,0.33250428758264455,0.6599696179308878
150805,VOI Zürich - Paradies,voi,Zürich,42095.0,153756.0,1.0,0.5433858910666667,0.5189,42364.0,0.26713846153846155,0.3360964498559012,0.5812141604922059
23830,Sissach,mm,Sissach,15517.0,15935.0,0.52002,0.9110154808,0.87,39800.0,0.2276923076923077,0.0,0.4707475576984616
150806,VOI Geroldswil,voi,Geroldswil,22106.0,82551.0,0.9228266666666668,0.73850441,0.7052,36381.0,0.17509230769230769,0.13155056574701457,0.5563974566878646
150807,VOI Siebnen,voi,Siebnen,14264.0,24531.0,0.5439133333333334,0.7252501718666666,0.6926,0.0,0.0,0.0,0.37748403437333333
150808,VOI Rümlang,voi,Rümlang,10668.0,120686.0,0.6178133333333333,0.8418270988,0.8039,31330.0,0.09738461538461539,0.10812547899835895,0.47520143863659486
150809,VOI Zürich - Leimbach,voi,Zürich,27151.0,119999.0,1.0,0.5230161982666667,0.4994,42364.0,0.26713846153846155,0.2857704629495483,0.5651250245509353
150810,VOI Schwerzenbach,voi,Schwerzenbach,33386.0,64349.0,1.0,0.9152004164,0.874,37195.0,0.18761538461538463,0.09400115303109007,0.626763390809295
150812,VOI Zürich - Hönggerstrasse,voi,Zürich,129783.0,268140.0,1.0,1.0,1.0,42364.0,0.26713846153846155,0.3470929712483337,0.722846286557359
150813,VOI Kilchberg,voi,Kilchberg ZH,27879.0,76826.0,1.0,0.45555638866666665,0.435,0.0,0.0,0.0,0.4346112777333333
150814,Zürich - Albisriederstrasse,voi,Zürich,120149.0,209642.0,1.0,0.9410344977333334,0.8986,42364.0,0.26713846153846155,0.33017355543442145,0.6975293029412433
150815,VOI Wallisellen,voi,Wallisellen,58521.0,150528.0,1.0,1.0,1.0,42118.0,0.26335384615384616,0.21961702796226654,0.6965941748232225
23840,Basel - Efringer,mm,Basel,127595.0,172538.0,1.0,1.0,1.0,40666.0,0.2410153846153846,0.2616579375056683,0.7005346644242105
150816,VOI Bonstetten,voi,Bonstetten,12505.0,19483.0,0.46335333333333334,0.6830918410666666,0.6523,41098.0,0.24766153846153846,0.0,0.3903866759056411
150817,VOI Obfelden,voi,Obfelden,16601.0,20776.0,0.5811999999999999,0.9849824677333333,0.9406,33601.0,0.13232307692307693,0.0,0.49188110893128206
23850,Reinach - Zentrum,m,Reinach BL,45627.0,65087.0,1.0,0.9529106925333333,0.91,0.0,0.0,0.0,0.5815821385066666
44340,Gd Saconnex - Le Pommier,m,Le Grand-Saconnex,97265.0,221267.0,1.0,0.832216908,0.7947,27748.0,0.04227692307692308,0.1388352222531288,0.5821358106660104
23870,Basel - Hardstrasse,m,Basel,117031.0,164564.0,1.0,1.0,0.9711,40666.0,0.2410153846153846,0.2684980937751724,0.6990126956781114
44350,Genève - Jonction,mm,Genève,240140.0,151602.0,1.0,0.9483861824,0.9056,35399.0,0.1599846153846154,0.2830643679533486,0.6688470331475928
23880,Basel - Eglisee,m,Basel,93245.0,197650.0,1.0,1.0,1.0,40666.0,0.2410153846153846,0.26104887100904167,0.7004128511248853
44360,Gradelle,m,Chêne-Bougeries,88685.0,273496.0,1.0,0.8537729474666667,0.8153,62935.0,0.5836153846153846,0.5494855244095371,0.7789047712983177
134480,Visp,mm,Visp,9300.0,2648.0,0.26565333333333335,0.40892840373333333,0.3905,31203.0,0.09543076923076924,0.0,0.21961783459282053
23890,Basel - Juniors Market,m,Basel,142617.0,165424.0,1.0,1.0,1.0,40666.0,0.2410153846153846,0.26542170210334887,0.7012874173437467
44370,Le Lignon,m,Le Lignon,57177.0,272869.0,1.0,0.7561002750666667,0.722,0.0,0.0,0.0,0.5234200550133333
23900,Basel - Bahnhof SBB,m,Basel,155988.0,132393.0,1.0,1.0,1.0,40666.0,0.2410153846153846,0.25480465432927113,0.6991640077889311
134500,Sierre,mm,Sierre,22203.0,8379.0,0.6479400000000001,0.5582055492,0.533,25811.0,0.012476923076923076,0.0,0.36181849445538466
23910,Basel - Stücki,m,Basel,81839.0,191289.0,1.0,0.9820417177333333,0.9378,40666.0,0.2410153846153846,0.2693082292561768,0.6922530663209788
134520,Collombey,mm,Collombey,24151.0,15683.0,0.74858,0.7589074388,0.7247,0.0,0.0,0.0,0.44882548776
44410,Meyrin,mm,Meyrin,33263.0,154721.0,1.0,0.9086159618666667,0.8677,24520.0,0.0,0.0,0.5684931923733334
134530,Monthey - M Central,mmm,Monthey,23003.0,15009.0,0.7134733333333334,0.6837580839999999,0.6529,28220.0,0.04953846153846154,0.0,0.4259913091076923
134540,Brig,mm,Brig,21584.0,3920.0,0.6017066666666667,0.4449481884,0.4249,0.0,0.0,0.0,0.31199163768000004
44430,Genève - Navigation,mm,Genève,190896.0,191915.0,1.0,0.8239325770666667,0.7868,35399.0,0.1599846153846154,0.3038818522737306,0.6362398089450025
134550,Martigny - Manoir,mmm,Martigny,20344.0,11558.0,0.61956,0.5311315481333333,0.5072,28124.0,0.04806153846153846,0.0,0.35242661731897434
73120,Zug Herti,m,Zug,39895.0,41197.0,0.9413133333333333,0.6661491278666667,0.6361,85013.0,0.9232769230769231,0.2528270982849535,0.7144546298457086
93600,Frauenfeld - Multiplex,m,Frauenfeld,24768.0,10741.0,0.7320866666666667,0.8859174349333333,0.846,35194.0,0.15683076923076922,0.0,0.5127756408328205
44450,Genève - Les Cygnes,mm,Genève,211951.0,182158.0,1.0,0.8799287532000001,0.8403,35399.0,0.1599846153846154,0.2972871090278638,0.6514700955224959
93610,Winterthur - Blumenau,m,Winterthur,59301.0,63512.0,1.0,1.0,0.9725,32488.0,0.1152,0.08821192421720411,0.6379323848434408
73140,Luzern - Schlossberg,m,Luzern,64428.0,111278.0,1.0,0.9289728290666668,0.8871,36474.0,0.17652307692307692,0.17276984918935565,0.64436315103582
93620,Diessenhofen,m,Diessenhofen,8306.0,4436.0,0.25106666666666666,0.9314351783999999,0.8895,31424.0,0.09883076923076924,0.0,0.37032318952615384
44470,Nyon - La Combe,mmm,Nyon,28387.0,22411.0,0.8160733333333333,0.6886662341333334,0.6576,43993.0,0.2922,0.0,0.5067552468266666
64950,Yverdon - Métropole,mmm,Yverdon-les-Bains,35763.0,7076.0,0.7138399999999999,0.9248857209333332,0.8832,24371.0,0.0,0.0,0.4874491441866667
73150,Luzern - Bahnhof Daily,m,Luzern,77150.0,85788.0,1.0,0.8569529844,0.8183,36474.0,0.17652307692307692,0.1735222934816446,0.6232296709609443
64970,Lausanne - Métropole,mmm,Lausanne,153767.0,97507.0,1.0,0.8205708506666666,0.7836,30639.0,0.08675384615384615,0.17238671778486336,0.5943022829210752
73170,Weinbergli Luzern,m,Luzern,73225.0,67833.0,1.0,0.7050269068,0.6733,36474.0,0.17652307692307692,0.18085623164409578,0.5798112430734346
93650,Hinwil,mm,Hinwil,13086.0,50355.0,0.6822933333333333,0.9292160833333334,0.8873,34267.0,0.14256923076923078,0.0,0.5077750628205128
73180,Erstfeld,m,Erstfeld,3405.0,9961.0,0.15720666666666666,0.31875479786666666,0.3044,24875.0,0.0,0.0,0.14135295957333333
73190,Zug - Grabenstrasse,m,Zug,31241.0,44718.0,0.9647866666666666,0.6403502209333334,0.6115,85013.0,0.9232769230769231,0.24426544871448158,0.7121645185449477
93670,Schaffhausen - Breite,m,Schaffhausen,27817.0,34310.0,0.8954,0.8607749868,0.822,33418.0,0.1295076923076923,0.0,0.5488765358215384
65000,Crissier,mmm,Crissier,29896.0,94624.0,1.0,0.8727706412,0.8334,26620.0,0.024923076923076923,0.04998661120083075,0.5728760658647815
73200,Buchrain - Tschannhof,m,Buchrain,20015.0,37141.0,0.78134,0.7207037442666667,0.6882,32981.0,0.12278461538461538,0.0279864573426931,0.47751696339879507
93680,Winterthur - Hegi,mm,Winterthur,43294.0,65745.0,1.0,1.0,0.9553,32488.0,0.1152,0.07617693584436624,0.6338053871688732
44530,Lancy-Onex,mm,Petit-Lancy,91576.0,267972.0,1.0,0.9319652679999999,0.89,0.0,0.0,0.0,0.5753930535999999
65010,Romanel-sur-Lausanne,mmm,Romanel-s-Lausanne,15526.0,146273.0,0.74736,0.7997277248,0.7637,0.0,0.0,0.0,0.46052354496
73210,Reiden,m,Reiden,7923.0,22267.0,0.3597266666666667,0.8831014009333333,0.8433,26479.0,0.022753846153846152,0.0,0.3734190494174359
93690,Winterthur - Wülflingen,m,Winterthur,43080.0,64702.0,1.0,1.0,1.0,32488.0,0.1152,0.06877234735833741,0.6367944694716674
73220,Buochs,m,Buochs,10159.0,12613.0,0.3549933333333333,0.4350937304,0.4155,34131.0,0.14047692307692308,0.0,0.26316213069538463
93700,Beringen,m,Beringen,8149.0,37025.0,0.46414,0.8062180926666667,0.7699,30797.0,0.08918461538461539,0.0,0.3953125416102564
44550,Grand-Lancy - Palettes,mm,Grand-Lancy,97416.0,261878.0,1.0,1.0,0.9585,0.0,0.0,0.0,0.59585
73230,Luzern - Bahnhof,m,Luzern,70263.0,84691.0,1.0,0.7753165533333334,0.7404,36474.0,0.17652307692307692,0.18070027118065263,0.6005479802874126
93710,Thayngen,m,Thayngen,5983.0,14321.0,0.25502,0.9816469608,0.9374,31398.0,0.09843076923076922,0.0,0.38626154600615387
93720,Seuzach,m,Seuzach,16486.0,93682.0,0.77296,1.0,1.0,43099.0,0.27844615384615384,0.10151203392573117,0.6078796375543771
77350,VOI Beromünster,voi,Beromünster,4790.0,17425.0,0.2439,0.8693569605333333,0.8302,28399.0,0.052292307692307693,0.0,0.34051985364512827
77351,VOI Sempach Stadt,voi,Sempach Stadt,6153.0,12082.0,0.24462666666666666,0.7815119133333334,0.7463,0.0,0.0,0.0,0.3043203826666667
77354,VOI Büron,voi,Büron,9016.0,20384.0,0.37632,0.8949088792,0.8546,27363.0,0.03635384615384615,0.0,0.3846085450707692
77355,VOI Luzern Wesemlin,voi,Luzern,53384.0,105399.0,1.0,0.7785091837333333,0.7434,36474.0,0.17652307692307692,0.18364225699857173,0.6020749035309964
77356,VOI Stans,voi,Stans,13209.0,15210.0,0.45364000000000004,0.6358020838666667,0.6071,37866.0,0.19793846153846154,0.0,0.36355010908102564
77357,VOI Alpnach,voi,Alpnach Dorf,6083.0,9429.0,0.22507333333333335,0.5797860326666667,0.5537,0.0,0.0,0.0,0.23884920653333336
44590,Plan-les-Ouates,mm,Plan-les-Ouates,62748.0,226797.0,1.0,0.9799482670666667,0.9358,41620.0,0.2556923076923077,0.28898904509292633,0.6985059239703801
93740,Steckborn,m,Steckborn,3850.0,4055.0,0.1297,0.5198901769333334,0.4965,35218.0,0.1572,0.0,0.22397803538666666
73270,Luzern - Würzenbachstrasse,m,Luzern,15610.0,84475.0,0.7496,0.5736836516,0.5478,36474.0,0.17652307692307692,0.1612774532683183,0.46195683635827905
93750,Neunkirch,m,Neunkirch,3089.0,8639.0,0.13996666666666666,0.9003619369333333,0.8598,31087.0,0.09364615384615385,0.0,0.32677161815589745
44600,Pont-Rouge,m,Grand-Lancy,189173.0,194529.0,1.0,1.0,0.9956,0.0,0.0,0.0,0.59956
73280,Oberkirch,m,Oberkirch LU,16819.0,13637.0,0.53942,0.8271034745333333,0.7898,0.0,0.0,0.0,0.4062266949066667
73290,Root,m,Root,9556.0,32062.0,0.46857333333333334,0.7754386625333333,0.7405,29969.0,0.07644615384615384,0.0,0.38499896327589744
93770,Wald ZH,m,Wald,9235.0,18859.0,0.37199333333333334,0.7922260738666667,0.7565,0.0,0.0,0.0,0.34569321477333337
65100,Aigle - Chablais Centre,mmm,Aigle,11250.0,14652.0,0.39768000000000003,0.7542040545333334,0.7202,22640.0,0.0,0.0,0.3421648109066667
73300,Wylpark Hergiswil,m,Hergiswil NW,7339.0,32003.0,0.40906,0.5040579808000001,0.4813,0.0,0.0,0.0,0.27165959616
93780,Aadorf,m,Aadorf,11819.0,12896.0,0.4011466666666667,1.0,0.97,33814.0,0.1356,0.0,0.444464
93790,Andelfingen,m,Kleinandelfingen,4680.0,10196.0,0.19277333333333332,1.0,0.9856,36426.0,0.17578461538461537,0.0,0.3915489230769231
93800,Fehraltorf,m,Fehraltorf,15459.0,38858.0,0.6712933333333333,1.0,1.0,35914.0,0.1679076923076923,0.0,0.5349695384615384
73330,Bertiswil Rothenburg LU,m,Rothenburg,16649.0,43119.0,0.7314333333333334,0.9227773241333334,0.8812,33185.0,0.12592307692307692,0.0,0.5172900802112821
93810,Winterthur - Deutweg,m,Winterthur,72009.0,50054.0,1.0,0.9558710535999999,0.9128,32488.0,0.1152,0.09483577287277882,0.6244613652945558
73340,Adligenswil LU,m,Adligenswil,10684.0,50674.0,0.61824,0.5912435881333333,0.5646,38035.0,0.20053846153846153,0.09246476565333023,0.418781363065025
93820,Pfungen,m,Pfungen,11694.0,40660.0,0.5829066666666667,0.8770600298666666,0.8375,32063.0,0.10866153846153846,0.0,0.455766313665641
73350,Grienbachstrasse Zug,m,Zug,45421.0,25636.0,0.8375733333333333,0.7018235144,0.6702,85013.0,0.9232769230769231,0.18947318099935975,0.6812067236952566
93830,Matzingen,m,Matzingen,5882.0,36852.0,0.40253333333333335,0.9635130485333333,0.9201,28925.0,0.060384615384615384,0.0,0.41754953278358975
93840,Elgg,m,Elgg,5158.0,14434.0,0.2337733333333333,0.9565212777333333,0.9134,32489.0,0.11521538461538462,0.0,0.37581933246974364
93850,Hittnau,m,Hittnau,6209.0,36659.0,0.40996666666666665,0.8354459018666667,0.7978,37870.0,0.198,0.0,0.4094591803733334
93860,Kollbrunn,m,Kollbrunn,5918.0,36033.0,0.3980333333333333,0.9264282150666666,0.8847,0.0,0.0,0.0,0.3931656430133333
93870,Dättnau,m,Dättnau,16335.0,64757.0,0.7689333333333334,0.8731421046666666,0.8338,0.0,0.0,0.0,0.4886884209333333
24240,Basel - Claramarkt,mmm,Basel,149965.0,151882.0,1.0,1.0,1.0,40666.0,0.2410153846153846,0.26198617119099854,0.7006003111612766
44730,Genève - Rieu,mm,Genève,153225.0,243809.0,1.0,0.9197113297333334,0.8783,35399.0,0.1599846153846154,0.29076037294297424,0.6619212636121845
93900,Nürensdorf,m,Nürensdorf,22969.0,69575.0,0.94584,1.0,0.9939,48317.0,0.3587230769230769,0.08600079667695974,0.6720867747200074
24270,Porrentruy,mm,Porrentruy,8043.0,5758.0,0.2528666666666667,0.9509827581333333,0.9081,28858.0,0.05935384615384615,0.0,0.36873732085743594
93910,Wiesendangen,m,Wiesendangen,25160.0,72951.0,1.0,1.0,1.0,40149.0,0.23306153846153846,0.07770556155515536,0.6621534200033388
24280,Basel - Drachen-Center,mm,Basel,160754.0,142093.0,1.0,1.0,1.0,40666.0,0.2410153846153846,0.2572597259752562,0.6996550221181281
134900,Sion - Métropole,mmm,Sion,27613.0,26887.0,0.8459133333333333,0.6542553565333333,0.6248,29456.0,0.06855384615384616,0.029035159570216854,0.46662287245147926
24320,Delémont,mm,Delémont,15025.0,9255.0,0.46236666666666665,0.8780272525333332,0.8385,27238.0,0.03443076923076923,0.0,0.40505160435282045
44810,Servette,mm,Genève,201304.0,188035.0,1.0,0.9092040473333333,0.8682,35399.0,0.1599846153846154,0.2893407653980976,0.6585258856232092
44830,Thônex,mm,Thônex,79707.0,230151.0,1.0,0.9365929962666667,0.8944,36285.0,0.17361538461538462,0.25652070710557806,0.6627858175975259
24360,Riehen - Dorf,mm,Riehen,39966.0,122026.0,1.0,0.9547751268000001,0.9117,50639.0,0.39444615384615384,0.23519976512974333,0.7080542091551794
44840,Genève - Tourelle,m,Genève,133004.0,216887.0,1.0,0.8329705918666667,0.7954,35399.0,0.1599846153846154,0.28597596014889815,0.6353262334800359
24380,Muttenz - Rothausstrasse,mm,Muttenz,20704.0,79444.0,0.88544,0.6873104241333333,0.6563,39440.0,0.22215384615384615,0.15255113458317973,0.5436650809740718
44860,Vernier - Arcenter,m,Vernier,40630.0,186868.0,1.0,0.945868238,0.9032,23513.0,0.0,0.0,0.5794936476
24400,Moutier,mm,Moutier,7990.0,1939.0,0.22599333333333335,0.5283267817333334,0.5045,24632.0,0.0,0.0,0.22391335634666668
44880,Collonge-Bellerive - Vésenaz,mm,Collonge-Bellerive,12383.0,63608.0,0.6635466666666666,0.6240947645333333,0.596,80426.0,0.8527076923076923,0.24304939476964138,0.6026343703221334
44890,Genève - Vidollet,m,Genève,167392.0,198598.0,1.0,0.7541555476,0.7202,35399.0,0.1599846153846154,0.31184357371006605,0.6172167473389363
24420,Reinach - Mischeli,mm,Reinach BL,37009.0,105617.0,1.0,0.9516477309333332,0.9088,0.0,0.0,0.0,0.5812095461866666
44900,Genève - Villereuse,mm,Genève,206545.0,218645.0,1.0,1.0,0.9716,35399.0,0.1599846153846154,0.28507338984430713,0.6861716010457845
49000,Thoiry (F),mmm,Thoiry,1537.0,17554.0,0.15801333333333334,0.4932393054666666,0.471,0.0,0.0,0.0,0.19315186109333335
49010,Etrembières (F),mmm,Etrembières,65015.0,77549.0,1.0,0.9059646677333333,0.8651,0.0,0.0,0.0,0.5677029335466667
24440,Birsfelden,mm,Birsfelden,79775.0,192064.0,1.0,1.0,0.9668,31640.0,0.10215384615384615,0.17112700785611973,0.6513361708019931
44920,Porte de Versoix,mm,Versoix,20418.0,25201.0,0.7124866666666666,0.5730348377333333,0.5472,33054.0,0.1239076923076923,0.029088596473842907,0.4136722253029737
49030,Neydens (F),m,Neydens,2524.0,27021.0,0.24744666666666668,0.5616830038666667,0.5364,0.0,0.0,0.0,0.24021060077333334
24460,Gelterkinden,mm,Gelterkinden,11559.0,15694.0,0.41286666666666666,0.8943071618666667,0.854,32842.0,0.12064615384615385,0.0,0.4122506631425642
44950,Carouge - Vibert,mm,Carouge GE,137676.0,224186.0,1.0,0.9075468422666667,0.8666,0.0,0.0,0.0,0.5681693684533333
24480,Füllinsdorf - Schönthal,mm,Füllinsdorf,22018.0,31760.0,0.7988799999999999,0.8493611110666667,0.8111,37557.0,0.19318461538461537,0.0,0.5292831452902564
24500,Breitenbach - Wydehof,mm,Breitenbach,8217.0,12061.0,0.29952666666666666,0.7573394512,0.7232,31167.0,0.09487692307692308,0.0,0.3326212748553846
73670,Luzern - Brüelstrasse,m,Luzern,24561.0,89742.0,0.9882933333333334,0.6411807877333333,0.6123,36474.0,0.17652307692307692,0.16433685291836336,0.5541261435149547
24520,Basel - Gundelitor,mm,Basel,127880.0,157114.0,1.0,1.0,1.0,40666.0,0.2410153846153846,0.2606709468984132,0.7003372663027595
49100,VOI Genève-Cirque,voi,Genève,244096.0,163028.0,1.0,0.9895105206666667,0.9449,35399.0,0.1599846153846154,0.2823845297139697,0.6808659331530503
49101,VOI Meyrin - Les Vergers,voi,Meyrin,26569.0,115377.0,1.0,0.9655733016000001,0.9221,24520.0,0.0,0.0,0.58532466032
49102,VOI Gland,voi,Gland,18022.0,33113.0,0.70134,0.7509990189333333,0.7172,36580.0,0.17815384615384616,0.0,0.46795257301743587
49103,VOI Bellevue,voi,Bellevue,15420.0,161290.0,0.7445333333333334,0.6124756604,0.5849,36541.0,0.17755384615384615,0.23698997915741563,0.48725389714225237
73680,Emmen - Kapf,m,Emmenbrücke,32558.0,45003.0,0.9666866666666666,0.8743846686666666,0.835,0.0,0.0,0.0,0.5483829337333334
73690,Luzern - Waldstätter,m,Luzern,84193.0,74443.0,1.0,0.862233452,0.8234,36474.0,0.17652307692307692,0.16882142064969966,0.6238555899145553
24540,Binningen - Zentrum,m,Binningen,124890.0,149292.0,1.0,1.0,1.0,55924.0,0.47575384615384614,0.3540229545761519,0.7659553601459996
73710,Ruopigen Zentrum Luzern,m,Luzern,38493.0,89819.0,1.0,0.7301944829333333,0.6973,36474.0,0.17652307692307692,0.16229804456962127,0.5835331208852063
24560,Basel - Burgfelder,mm,Basel,152603.0,128740.0,1.0,1.0,1.0,40666.0,0.2410153846153846,0.2476773491429028,0.6977385467516575
73720,Küssnacht - Rigimärt,mm,Küssnacht am Rigi,11519.0,10001.0,0.37384666666666666,0.6701808146666667,0.64,0.0,0.0,0.0,0.31019016293333335
