year,municipality_id,municipality_hist_id,total_population
2023,1,13256,558
2023,2,11742,1916
2023,3,11801,1115
2023,4,11992,1088
2023,5,12249,874
2023,6,12671,356
2023,7,12674,520
2023,8,12738,179
2023,9,12433,1185
2023,10,12497,1288
2023,11,13124,764
2023,12,12891,332
2023,13,10575,920
2023,14,13255,1102
2023,22,11862,266
2023,23,11855,242
2023,24,15513,331
2023,25,11573,573
2023,26,12182,226
2023,27,11973,794
2023,28,11997,438
2023,29,11935,408
2023,31,12240,562
2023,33,12699,629
2023,34,12635,532
2023,35,12742,577
2023,37,13128,494
2023,38,12912,408
2023,39,10563,294
2023,40,10898,377
2023,41,10899,159
2023,43,10365,118
2023,51,11683,642
2023,52,11685,1801
2023,53,11461,2384
2023,54,11563,1057
2023,55,12168,1125
2023,56,12292,1588
2023,57,11960,583
2023,58,12056,1085
2023,59,12166,446
2023,60,12220,508
2023,61,12178,361
2023,62,12673,2061
2023,63,12720,536
2023,64,12547,1146
2023,65,12524,285
2023,66,12483,1534
2023,67,13090,1023
2023,68,12919,658
2023,69,10451,2057
2023,70,10443,198
2023,71,10268,470
2023,72,10331,848
2023,81,11704,186
2023,82,11786,377
2023,83,11456,897
2023,84,11578,580
2023,85,11581,391
2023,86,11567,895
2023,87,12181,298
2023,88,12537,793
2023,89,12534,856
2023,90,12560,1666
2023,91,12568,746
2023,92,12469,978
2023,93,12447,430
2023,94,13126,569
2023,95,13166,104
2023,96,13168,2184
2023,97,12834,1107
2023,98,13046,234
2023,99,13037,355
2023,100,10383,596
2023,101,10597,691
2023,102,10448,385
2023,111,11709,1253
2023,112,11478,1596
2023,113,12159,1722
2023,114,12002,792
2023,115,12023,2179
2023,116,11970,823
2023,117,12156,2426
2023,118,12883,2235
2023,119,12951,384
2023,120,10459,2004
2023,121,10277,3301
2023,131,11745,2251
2023,135,12701,1500
2023,136,12637,1476
2023,137,12461,911
2023,138,12907,2456
2023,139,12832,982
2023,141,10691,2395
2023,151,12301,1200
2023,152,12316,1434
2023,153,12143,1867
2023,154,12592,2895
2023,155,12754,1895
2023,156,12408,2424
2023,157,12501,864
2023,158,10363,2751
2023,159,13259,1122
2023,160,10326,1055
2023,161,13683,2130
2023,172,11989,893
2023,173,12161,943
2023,176,12821,1202
2023,177,13137,2062
2023,178,12831,1262
2023,180,10389,973
2023,181,10242,572
2023,182,10334,318
2023,191,12205,3473
2023,192,12123,1803
2023,193,12248,1412
2023,194,12073,619
2023,195,12620,2246
2023,196,12427,825
2023,197,12956,639
2023,198,10940,5160
2023,199,10368,2542
2023,200,13250,1304
2023,211,11777,227
2023,213,11467,528
2023,214,11574,337
2023,215,11583,276
2023,216,11565,521
2023,218,12144,277
2023,219,12294,978
2023,220,12001,326
2023,221,12283,848
2023,223,15514,1384
2023,224,13145,783
2023,225,12889,791
2023,226,14120,250
2023,227,12977,1631
2023,228,10857,1107
2023,230,10347,16043
2023,231,10312,1254
2023,241,14365,354
2023,242,13690,1207
2023,243,13691,2552
2023,244,13692,839
2023,245,13693,743
2023,246,13694,433
2023,247,13695,1492
2023,248,13696,999
2023,249,13697,627
2023,250,13698,1279
2023,251,13699,758
2023,261,13688,37270
2023,291,16621,995
2023,292,16122,974
2023,293,16123,3834
2023,294,16081,1115
2023,295,16080,3357
2023,296,15671,2821
2023,297,15653,1459
2023,298,15631,1755
2023,301,14995,877
2023,302,14996,323
2023,303,14997,1020
2023,304,16124,679
2023,305,14999,381
2023,306,15474,2648
2023,307,15001,706
2023,309,15003,390
2023,310,15672,868
2023,311,15005,926
2023,312,15006,903
2023,321,15007,1202
2023,322,15008,149
2023,323,15009,245
2023,324,15010,244
2023,325,15011,78
2023,326,15012,243
2023,329,16606,3186
2023,331,15015,718
2023,332,15475,1011
2023,333,15017,496
2023,335,15019,88
2023,336,15020,63
2023,337,15021,1240
2023,338,15022,453
2023,339,15023,130
2023,340,15024,209
2023,341,15025,178
2023,342,15026,893
2023,344,15027,300
2023,345,15028,538
2023,351,15029,14898
2023,352,15030,1541
2023,353,15031,1113
2023,354,15032,798
2023,355,15033,6822
2023,356,15034,2524
2023,357,15035,270
2023,358,15036,682
2023,359,15037,1576
2023,360,15038,2091
2023,361,15039,1662
2023,362,15040,1589
2023,363,15041,1903
2023,371,15042,6783
2023,372,15043,714
2023,381,15044,507
2023,382,15045,286
2023,383,15046,885
2023,385,15048,310
2023,386,15049,410
2023,387,15050,1283
2023,388,15051,418
2023,389,15052,21
2023,390,15053,446
2023,391,15054,296
2023,392,15055,959
2023,393,15056,285
2023,394,15057,216
2023,401,15058,339
2023,402,15059,189
2023,403,15060,357
2023,404,15061,2999
2023,405,15673,655
2023,406,15063,888
2023,407,15064,543
2023,408,15065,63
2023,409,16607,595
2023,410,15067,90
2023,411,15068,142
2023,412,15069,1302
2023,413,15070,608
2023,414,15071,735
2023,415,15072,395
2023,418,15075,684
2023,420,15077,439
2023,421,15078,31
2023,422,15079,56
2023,423,15080,75
2023,424,15081,655
2023,431,15082,504
2023,432,15083,175
2023,433,15084,225
2023,434,15085,464
2023,435,15086,207
2023,437,15088,33
2023,438,15089,641
2023,441,15092,270
2023,442,15093,93
2023,443,15094,1117
2023,444,15095,506
2023,445,15096,386
2023,446,15097,1190
2023,448,15099,304
2023,449,15632,436
2023,450,15658,581
2023,491,15100,205
2023,492,15101,415
2023,493,15102,154
2023,494,15103,257
2023,495,15104,277
2023,496,15105,882
2023,497,15106,274
2023,498,15107,385
2023,499,15108,208
2023,500,15109,143
2023,501,15110,142
2023,502,15111,392
2023,533,15113,930
2023,535,15115,27
2023,538,15633,1544
2023,540,15634,1322
2023,541,15120,125
2023,543,15122,186
2023,544,15123,646
2023,546,16622,1721
2023,551,15130,880
2023,552,15131,1139
2023,553,15132,30
2023,554,15133,292
2023,556,15135,119
2023,557,15136,180
2023,561,15137,1794
2023,562,15138,720
2023,563,15139,2093
2023,564,15140,415
2023,565,15141,746
2023,566,15142,426
2023,567,15143,1656
2023,571,15144,723
2023,572,15145,787
2023,573,15146,1496
2023,574,15147,313
2023,575,15148,180
2023,576,15149,2099
2023,577,15150,187
2023,578,15151,144
2023,579,15152,321
2023,580,15153,262
2023,581,15154,1011
2023,582,15155,287
2023,584,15156,1518
2023,585,15157,472
2023,586,15158,131
2023,587,15159,857
2023,588,15160,205
2023,589,15161,244
2023,590,15162,950
2023,591,15163,90
2023,592,15164,264
2023,593,15165,1340
2023,594,15166,839
2023,602,15167,287
2023,603,15168,440
2023,605,15170,413
2023,606,15171,148
2023,607,15172,94
2023,608,16082,965
2023,609,15174,70
2023,610,15175,171
2023,611,15176,235
2023,612,15177,1120
2023,613,15178,205
2023,614,15179,402
2023,615,15180,169
2023,616,15688,2500
2023,617,15182,160
2023,619,15635,956
2023,620,15183,254
2023,622,15184,176
2023,623,15185,757
2023,626,15188,570
2023,627,15189,2336
2023,628,15190,430
2023,629,15191,93
2023,630,15192,168
2023,632,15194,930
2023,662,15196,412
2023,663,15197,331
2023,665,15199,80
2023,666,15200,141
2023,667,15201,705
2023,668,15202,875
2023,669,15203,182
2023,670,15204,1290
2023,671,15205,122
2023,681,15206,130
2023,683,15208,79
2023,687,15210,84
2023,690,15211,446
2023,691,15212,208
2023,692,15213,130
2023,694,15214,151
2023,696,15215,130
2023,700,15218,1617
2023,701,15219,180
2023,703,15221,634
2023,704,15222,84
2023,706,15223,240
2023,707,15224,74
2023,708,15225,15
2023,709,15226,25
2023,711,15228,111
2023,713,15230,770
2023,715,15231,15
2023,716,15662,177
2023,717,15661,1044
2023,723,15234,882
2023,724,15235,314
2023,726,15636,772
2023,731,15237,514
2023,732,15238,477
2023,733,15239,752
2023,734,15240,160
2023,735,15241,109
2023,736,15242,149
2023,737,15243,122
2023,738,15244,244
2023,739,15245,706
2023,740,15246,222
2023,741,15247,147
2023,742,15248,304
2023,743,15249,927
2023,744,15250,649
2023,745,15251,845
2023,746,15252,574
2023,747,15253,180
2023,748,15254,216
2023,749,15255,564
2023,750,15256,414
2023,751,15257,786
2023,754,15258,314
2023,755,15259,552
2023,756,14978,480
2023,761,15260,322
2023,762,15261,1121
2023,763,15262,668
2023,766,15265,343
2023,767,15266,307
2023,768,15267,3456
2023,769,15268,725
2023,770,15637,342
2023,782,15270,130
2023,783,15271,792
2023,784,15638,714
2023,785,15273,1518
2023,786,15274,268
2023,791,15275,596
2023,792,15276,1750
2023,793,15277,694
2023,794,15278,1155
2023,841,15279,428
2023,842,15280,413
2023,843,15281,3160
2023,852,15283,675
2023,853,15284,763
2023,855,15476,1867
2023,861,15498,2004
2023,863,15288,405
2023,866,15290,367
2023,867,15291,237
2023,868,15292,98
2023,869,15293,317
2023,870,15294,762
2023,872,16083,539
2023,877,15301,159
2023,879,16608,902
2023,880,15304,653
2023,883,15306,558
2023,884,15307,629
2023,885,15639,541
2023,886,15309,826
2023,888,15310,389
2023,889,16128,558
2023,901,15311,799
2023,902,15312,2143
2023,903,15313,773
2023,904,15314,369
2023,905,15315,685
2023,906,15316,321
2023,907,15317,717
2023,908,15318,472
2023,909,15319,396
2023,921,15320,257
2023,922,15321,371
2023,923,15322,471
2023,924,15323,229
2023,925,15324,226
2023,927,15325,234
2023,928,15326,1333
2023,929,15327,1153
2023,931,15329,141
2023,932,15330,105
2023,934,15331,756
2023,935,15332,146
2023,936,15333,78
2023,938,15335,1804
2023,939,16129,3355
2023,940,15337,62
2023,941,15338,608
2023,942,15339,7580
2023,943,15340,207
2023,944,15341,1453
2023,945,15342,316
2023,946,15343,73
2023,947,15344,96
2023,948,15345,207
2023,951,15346,374
2023,952,15347,379
2023,953,15348,445
2023,954,15349,1323
2023,955,15350,1204
2023,956,15351,833
2023,957,15352,1490
2023,958,15353,347
2023,959,15354,168
2023,960,15355,381
2023,971,15356,480
2023,972,15357,19
2023,973,15477,234
2023,975,15360,107
2023,976,15361,109
2023,977,15362,369
2023,979,15364,1670
2023,980,15365,258
2023,981,16130,1365
2023,982,15367,432
2023,983,15368,522
2023,985,15369,214
2023,987,15370,207
2023,988,15674,568
2023,989,15372,333
2023,990,15373,77
2023,991,15374,224
2023,992,15375,596
2023,993,15376,142
2023,995,15377,685
2023,1001,15557,207
2023,1002,15561,913
2023,1004,15543,1203
2023,1005,15547,529
2023,1007,15582,225
2023,1008,15585,1063
2023,1009,15522,478
2023,1010,15518,1402
2023,1021,15539,390
2023,1023,15536,532
2023,1024,15563,3183
2023,1025,15564,274
2023,1026,15560,676
2023,1030,16590,1542
2023,1031,15556,1439
2023,1032,15597,679
2023,1033,15574,486
2023,1037,15590,541
2023,1039,15592,435
2023,1040,15579,1395
2023,1041,15586,303
2023,1051,15538,1174
2023,1052,15532,1048
2023,1053,15535,209
2023,1054,15552,1975
2023,1055,15550,269
2023,1056,15551,303
2023,1057,15558,117
2023,1058,15559,2139
2023,1059,15576,3319
2023,1061,15600,7672
2023,1062,15578,1344
2023,1063,15568,1453
2023,1064,15567,385
2023,1065,15581,749
2023,1066,15584,589
2023,1067,15530,573
2023,1068,15526,427
2023,1069,15528,1273
2023,1081,15663,1537
2023,1082,15534,492
2023,1083,15533,724
2023,1084,15554,411
2023,1085,15548,546
2023,1086,15545,721
2023,1088,15562,524
2023,1089,15575,578
2023,1091,15573,360
2023,1093,15570,1278
2023,1094,15572,777
2023,1095,15569,712
2023,1097,15520,814
2023,1098,15580,1403
2023,1099,15664,573
2023,1100,15588,239
2023,1102,15587,773
2023,1103,15529,1323
2023,1104,15599,1026
2023,1107,15525,792
2023,1121,15537,177
2023,1122,15540,274
2023,1123,16131,420
2023,1125,15593,1150
2023,1127,15555,354
2023,1128,15594,627
2023,1129,15546,189
2023,1131,15544,248
2023,1132,15565,475
2023,1135,15577,362
2023,1136,15566,658
2023,1137,15571,494
2023,1139,15591,661
2023,1140,15596,1432
2023,1142,15583,205
2023,1143,15521,928
2023,1145,15531,255
2023,1146,15527,419
2023,1147,15523,379
2023,1150,15524,494
2023,1151,16591,1788
2023,1201,11773,1743
2023,1202,11784,421
2023,1203,11678,500
2023,1205,11506,1091
2023,1206,12238,957
2023,1207,11940,412
2023,1208,12032,170
2023,1209,11941,364
2023,1210,12213,102
2023,1211,12661,236
2023,1212,13165,93
2023,1213,13055,1278
2023,1214,16592,572
2023,1215,12950,336
2023,1216,12985,765
2023,1217,12981,140
2023,1218,10364,509
2023,1219,10869,438
2023,1220,10442,259
2023,1301,12152,3658
2023,1311,12033,688
2023,1321,12007,1014
2023,1322,11961,2397
2023,1323,10314,1515
2023,1331,14470,2339
2023,1341,11774,1362
2023,1342,12075,1125
2023,1343,12658,161
2023,1344,12607,1228
2023,1345,13181,852
2023,1346,12968,1670
2023,1347,10859,698
2023,1348,10371,367
2023,1349,10471,1265
2023,1361,11778,283
2023,1362,11670,2194
2023,1363,12192,192
2023,1364,12657,1276
2023,1365,12634,334
2023,1366,12371,480
2023,1367,12362,1073
2023,1368,12475,441
2023,1369,12894,36
2023,1370,12853,559
2023,1371,13022,639
2023,1372,12955,2879
2023,1373,10594,704
2023,1374,10571,241
2023,1375,10865,764
2023,1401,11753,1114
2023,1402,12287,1505
2023,1403,12063,1190
2023,1404,12688,1413
2023,1405,12718,917
2023,1406,12859,1109
2023,1407,13009,2320
2023,1501,11792,824
2023,1502,11465,869
2023,1503,11568,535
2023,1504,12290,594
2023,1505,12276,864
2023,1506,12275,488
2023,1507,12300,942
2023,1508,12556,543
2023,1509,10576,1135
2023,1510,10577,687
2023,1511,10357,586
2023,1630,15479,5307
2023,1631,15478,5085
2023,1632,15480,3642
2023,1701,11711,2684
2023,1702,11397,1940
2023,1703,12176,1459
2023,1704,12389,798
2023,1705,12517,460
2023,1706,12551,1215
2023,1707,12931,1181
2023,1708,10598,1022
2023,1709,10844,1502
2023,1710,10457,832
2023,1711,10323,3096
2023,2008,11419,187
2023,2011,14510,486
2023,2016,11974,271
2023,2022,12055,499
2023,2025,14526,341
2023,2027,12387,132
2023,2029,14475,733
2023,2035,12549,160
2023,2038,13105,27
2023,2041,13702,516
2023,2043,12991,82
2023,2044,16593,397
2023,2045,10944,130
2023,2050,14474,469
2023,2051,14511,651
2023,2053,15675,1371
2023,2054,15689,2575
2023,2055,15690,1068
2023,2061,11680,97
2023,2063,14103,189
2023,2066,11444,96
2023,2067,12611,116
2023,2068,11420,198
2023,2072,13211,118
2023,2079,12113,61
2023,2086,12734,166
2023,2087,14476,307
2023,2089,12340,146
2023,2096,13663,813
2023,2097,14140,477
2023,2099,14477,647
2023,2102,15500,820
2023,2113,14480,663
2023,2114,14137,455
2023,2115,14478,290
2023,2117,16132,610
2023,2121,14362,666
2023,2122,14368,615
2023,2123,14530,209
2023,2124,11871,563
2023,2125,14528,2979
2023,2128,11424,136
2023,2129,15481,340
2023,2130,11533,244
2023,2131,12135,213
2023,2134,12106,288
2023,2135,11958,767
2023,2137,12247,266
2023,2138,12668,318
2023,2140,14135,567
2023,2143,12369,184
2023,2145,12618,379
2023,2147,13080,209
2023,2148,12909,694
2023,2149,12574,574
2023,2152,14138,429
2023,2153,10416,326
2023,2155,10906,281
2023,2160,10373,635
2023,2162,14479,497
2023,2163,15640,1036
2023,2173,11657,216
2023,2174,14143,492
2023,2175,15676,648
2023,2177,11502,234
2023,2183,15692,766
2023,2186,11540,382
2023,2194,11978,84
2023,2196,11954,3354
2023,2197,12060,376
2023,2198,12111,458
2023,2200,14129,485
2023,2206,13249,1447
2023,2208,12744,396
2023,2211,12521,676
2023,2216,13141,46
2023,2217,13662,229
2023,2220,14369,1009
2023,2226,10889,475
2023,2228,10162,1408
2023,2230,10165,21
2023,2233,14141,613
2023,2234,14136,555
2023,2235,14481,366
2023,2236,15677,2083
2023,2237,16133,669
2023,2238,16594,641
2023,2250,11534,345
2023,2254,15693,1395
2023,2257,11522,278
2023,2258,11969,159
2023,2261,12078,73
2023,2262,14514,1347
2023,2265,12689,1011
2023,2266,12700,221
2023,2271,12437,210
2023,2272,14096,538
2023,2274,12361,304
2023,2275,16614,2215
2023,2276,14529,326
2023,2278,10856,155
2023,2284,15679,1607
2023,2292,11473,273
2023,2293,12204,1802
2023,2294,12024,534
2023,2295,13193,804
2023,2296,12260,380
2023,2299,15694,1410
2023,2300,13218,415
2023,2301,13175,377
2023,2303,10378,359
2023,2304,10380,406
2023,2305,13041,984
2023,2306,16595,2079
2023,2307,10559,396
2023,2308,10848,690
2023,2309,13232,1184
2023,2321,11676,911
2023,2323,11799,344
2023,2325,11426,1731
2023,2328,12120,290
2023,2333,13172,294
2023,2335,14484,326
2023,2336,13207,461
2023,2337,14482,334
2023,2338,14483,347
2023,2401,13703,749
2023,2402,13704,423
2023,2403,13705,564
2023,2404,13706,572
2023,2405,13707,320
2023,2406,13708,605
2023,2407,13709,1102
2023,2408,13710,798
2023,2421,13711,211
2023,2422,13712,1682
2023,2424,13714,197
2023,2425,13715,248
2023,2426,13716,582
2023,2427,13717,470
2023,2428,13718,826
2023,2430,16596,446
2023,2445,11911,128
2023,2455,13187,308
2023,2456,14067,135
2023,2457,15380,481
2023,2461,13039,352
2023,2463,10868,86
2023,2464,15602,367
2023,2465,15642,902
2023,2471,11696,385
2023,2472,11510,357
2023,2473,12219,1705
2023,2474,12103,333
2023,2475,12134,509
2023,2476,13684,1139
2023,2477,14469,372
2023,2478,12545,587
2023,2479,12940,617
2023,2480,12990,442
2023,2481,10352,507
2023,2491,11985,126
2023,2492,12691,174
2023,2493,12808,1286
2023,2495,12559,974
2023,2497,12462,505
2023,2499,16597,435
2023,2500,10894,1320
2023,2501,10348,543
2023,2502,10349,163
2023,2503,14531,988
2023,2511,15508,412
2023,2513,13722,2059
2023,2514,13723,206
2023,2516,13725,742
2023,2517,13726,1479
2023,2518,13727,307
2023,2519,13728,1084
2023,2520,13729,281
2023,2523,13732,296
2023,2524,13733,49
2023,2525,13734,414
2023,2526,13752,823
2023,2527,13736,875
2023,2528,13737,415
2023,2529,13738,280
2023,2530,13739,629
2023,2532,13741,842
2023,2534,13743,1326
2023,2535,15603,280
2023,2541,11702,86
2023,2542,11878,1135
2023,2543,11908,1122
2023,2544,11986,241
2023,2545,11937,287
2023,2546,12076,3119
2023,2547,11923,432
2023,2548,12215,247
2023,2549,12650,15
2023,2550,12626,872
2023,2551,12803,552
2023,2553,12502,601
2023,2554,15482,717
2023,2555,12879,487
2023,2556,13003,1022
2023,2571,11789,226
2023,2572,11580,723
2023,2573,12199,1113
2023,2574,12309,86
2023,2575,12092,542
2023,2576,13230,814
2023,2578,11936,457
2023,2579,12003,1378
2023,2580,12651,782
2023,2581,12486,3112
2023,2582,12905,299
2023,2583,12971,1143
2023,2584,10578,483
2023,2585,10469,281
2023,2586,10472,1324
2023,2601,10384,3243
2023,2611,11690,337
2023,2612,11876,108
2023,2613,11822,999
2023,2614,11511,719
2023,2615,12274,371
2023,2616,11988,238
2023,2617,12009,196
2023,2618,12154,387
2023,2619,12692,495
2023,2620,12385,238
2023,2621,12546,721
2023,2622,10324,246
2023,2701,11693,19244
2023,2702,11907,329
2023,2703,12895,4273
2023,2761,13824,2164
2023,2762,13825,3509
2023,2763,13826,1978
2023,2764,13827,1122
2023,2765,13828,2871
2023,2766,13829,1092
2023,2767,13830,1651
2023,2768,13831,1333
2023,2769,13832,2702
2023,2770,13833,3880
2023,2771,13834,2593
2023,2772,13835,812
2023,2773,13836,4206
2023,2774,13837,500
2023,2775,13838,2387
2023,2781,13839,294
2023,2782,13840,590
2023,2783,13841,117
2023,2784,13842,260
2023,2785,13843,528
2023,2786,13844,551
2023,2787,13845,1295
2023,2788,13846,442
2023,2789,13847,170
2023,2790,13848,131
2023,2791,13849,655
2023,2792,13850,474
2023,2793,13851,592
2023,2821,13766,577
2023,2822,13767,232
2023,2823,13768,1252
2023,2824,13769,1306
2023,2825,13770,1045
2023,2826,13771,321
2023,2827,13772,135
2023,2828,13773,1310
2023,2829,13774,2870
2023,2830,13775,542
2023,2831,13776,2589
2023,2832,13777,267
2023,2833,13778,482
2023,2834,13779,530
2023,2841,13780,173
2023,2842,13781,257
2023,2843,13782,238
2023,2844,13783,347
2023,2845,13784,246
2023,2846,13785,1650
2023,2847,13786,92
2023,2848,13787,91
2023,2849,13788,679
2023,2850,13789,204
2023,2851,13790,61
2023,2852,13791,438
2023,2853,13792,315
2023,2854,13793,109
2023,2855,13794,156
2023,2856,13795,636
2023,2857,13796,201
2023,2858,13797,256
2023,2859,13798,125
2023,2860,13799,263
2023,2861,13800,1527
2023,2862,13801,221
2023,2863,13802,305
2023,2864,13803,352
2023,2865,13804,230
2023,2866,13805,247
2023,2867,13806,149
2023,2868,13807,173
2023,2869,13808,735
2023,2881,13809,227
2023,2882,13810,230
2023,2883,13811,266
2023,2884,13812,559
2023,2885,13813,182
2023,2886,13814,701
2023,2887,13815,211
2023,2888,13816,364
2023,2889,13817,143
2023,2890,13818,60
2023,2891,13819,479
2023,2892,13820,715
2023,2893,13821,509
2023,2894,13822,169
2023,2895,13823,366
2023,2901,12071,341
2023,2903,12801,499
2023,2904,12519,716
2023,2914,11486,147
2023,2915,12184,367
2023,2917,12800,259
2023,2919,10586,407
2023,2920,14948,1471
2023,2931,11688,107
2023,2932,15604,1127
2023,2933,11474,322
2023,2936,12395,325
2023,2937,12525,1688
2023,2938,12846,306
2023,2939,14949,6716
2023,2951,11873,177
2023,2952,13045,598
2023,2953,12989,306
2023,2961,11479,144
2023,2962,12233,195
2023,2963,13170,520
2023,2964,10592,1002
2023,2971,12020,834
2023,2972,12471,163
2023,2973,10882,233
2023,2974,14515,588
2023,3001,12304,3214
2023,3002,12175,399
2023,3003,12972,209
2023,3004,12957,541
2023,3005,10583,502
2023,3006,10946,967
2023,3007,10461,576
2023,3021,11451,466
2023,3022,12077,1011
2023,3023,10157,1218
2023,3024,10561,1650
2023,3025,10895,651
2023,3031,11956,337
2023,3032,12253,1201
2023,3033,12705,486
2023,3034,13169,669
2023,3035,12915,317
2023,3036,10458,376
2023,3037,10470,873
2023,3038,10358,733
2023,3101,14097,1577
2023,3102,14098,507
2023,3104,14100,404
2023,3111,14102,756
2023,3112,16620,2087
2023,3201,14378,361
2023,3202,14379,358
2023,3203,14380,9840
2023,3204,14381,1578
2023,3211,14382,290
2023,3212,14383,746
2023,3213,14384,1610
2023,3214,14385,869
2023,3215,14386,1174
2023,3216,14387,1266
2023,3217,14388,683
2023,3218,14389,336
2023,3219,14390,332
2023,3231,14391,1602
2023,3232,14392,1311
2023,3233,14393,1123
2023,3234,14394,1705
2023,3235,14395,802
2023,3236,14396,1235
2023,3237,14397,1777
2023,3238,14398,2382
2023,3251,14399,3356
2023,3252,14400,534
2023,3253,14401,696
2023,3254,14402,2802
2023,3255,14403,1266
2023,3256,14404,777
2023,3271,14405,2320
2023,3272,14406,1083
2023,3273,14407,2383
2023,3274,14408,1663
2023,3275,14409,1424
2023,3276,14410,1701
2023,3291,14411,1458
2023,3292,14412,2094
2023,3293,14413,2442
2023,3294,14414,735
2023,3295,14415,1296
2023,3296,14416,1192
2023,3297,14417,1459
2023,3298,14418,1619
2023,3311,14419,977
2023,3312,14420,797
2023,3313,14421,1069
2023,3315,14423,1115
2023,3316,14424,483
2023,3338,14432,782
2023,3339,14433,1269
2023,3340,14925,3982
2023,3341,15605,1690
2023,3342,15606,2599
2023,3352,14435,1675
2023,3359,15381,1929
2023,3360,15607,1608
2023,3374,14443,502
2023,3379,15608,2034
2023,3392,14448,2083
2023,3393,14449,504
2023,3394,14450,992
2023,3395,15609,1383
2023,3396,16623,2479
2023,3401,14451,1066
2023,3402,14452,2015
2023,3405,14454,1010
2023,3407,14456,1443
2023,3408,14457,2718
2023,3422,14459,438
2023,3423,14460,897
2023,3424,14461,1080
2023,3426,14463,1250
2023,3427,15610,3849
2023,3441,14464,521
2023,3442,14465,1786
2023,3443,14466,2787
2023,3444,14467,1023
2023,3506,15962,1910
2023,3513,15963,372
2023,3514,15964,164
2023,3542,16062,898
2023,3543,16068,1950
2023,3544,16085,787
2023,3551,15967,621
2023,3561,15968,1564
2023,3572,15969,425
2023,3575,15970,929
2023,3581,15971,354
2023,3582,15972,238
2023,3603,16063,368
2023,3618,16058,1401
2023,3619,16061,1828
2023,3633,15975,124
2023,3637,15976,99
2023,3638,15977,359
2023,3640,15978,289
2023,3661,16051,1039
2023,3662,15979,129
2023,3663,15980,177
2023,3668,16084,686
2023,3669,15982,202
2023,3670,15983,189
2023,3672,16057,632
2023,3673,16064,900
2023,3681,15984,159
2023,3695,15987,101
2023,3701,16048,427
2023,3711,15991,23
2023,3712,15992,212
2023,3713,16045,158
2023,3714,16125,373
2023,3715,16598,335
2023,3721,15993,745
2023,3722,15994,1562
2023,3723,15995,461
2023,3731,15996,616
2023,3732,15997,1395
2023,3733,15998,459
2023,3734,15999,645
2023,3746,16066,696
2023,3752,16000,291
2023,3762,16065,2447
2023,3764,16059,538
2023,3781,16001,213
2023,3782,16002,486
2023,3783,16003,110
2023,3784,16004,542
2023,3785,16586,339
2023,3786,16006,604
2023,3787,16007,925
2023,3788,16008,315
2023,3789,16009,345
2023,3790,16010,417
2023,3791,16011,412
2023,3792,16052,1385
2023,3804,16012,188
2023,3805,16013,186
2023,3808,16014,326
2023,3810,16015,205
2023,3821,16016,377
2023,3822,16017,1155
2023,3823,16018,234
2023,3831,16019,284
2023,3832,15695,555
2023,3834,16020,1211
2023,3835,16021,405
2023,3837,16067,374
2023,3847,16049,825
2023,3851,16047,2994
2023,3861,16022,487
2023,3862,16023,240
2023,3863,16024,528
2023,3871,16610,2402
2023,3881,16025,178
2023,3882,16026,367
2023,3891,16071,1209
2023,3901,16599,4643
2023,3911,16053,1355
2023,3921,16060,2074
2023,3932,16050,387
2023,3945,16046,811
2023,3946,16030,805
2023,3947,16031,827
2023,3951,16032,245
2023,3952,16033,268
2023,3953,16034,754
2023,3954,16035,625
2023,3955,16055,1592
2023,3961,16054,1021
2023,3962,16036,1060
2023,3972,16037,705
2023,3981,16086,1335
2023,3982,16039,969
2023,3983,16040,360
2023,3985,16041,709
2023,3986,16042,835
2023,3987,16056,558
2023,3988,16069,1205
2023,4001,15385,3852
2023,4002,11916,529
2023,4003,11454,1447
2023,4004,11556,284
2023,4005,14533,1127
2023,4006,12115,2054
2023,4007,12158,469
2023,4008,12594,1678
2023,4009,12380,1138
2023,4010,12465,1555
2023,4012,10585,1835
2023,4013,10888,939
2023,4021,13189,3200
2023,4022,11881,492
2023,4023,11856,850
2023,4024,11899,773
2023,4026,12277,774
2023,4027,11998,1047
2023,4028,11946,319
2023,4029,12110,1177
2023,4030,12693,472
2023,4031,12652,492
2023,4032,12712,565
2023,4033,12384,1026
2023,4034,12514,894
2023,4035,12565,790
2023,4037,12453,929
2023,4038,12456,1563
2023,4039,13164,607
2023,4040,10366,1005
2023,4041,10595,550
2023,4042,10886,497
2023,4044,10871,1524
2023,4045,10275,3367
2023,4046,10356,473
2023,4047,10344,1125
2023,4048,10303,1520
2023,4049,14534,1115
2023,4061,13668,504
2023,4062,11857,940
2023,4063,15644,1492
2023,4064,11488,283
2023,4065,12217,760
2023,4066,12157,269
2023,4067,12006,433
2023,4068,12004,771
2023,4071,12644,603
2023,4072,12569,749
2023,4073,12452,525
2023,4074,13681,652
2023,4075,12830,884
2023,4076,13010,851
2023,4077,10550,430
2023,4078,10853,172
2023,4079,10867,366
2023,4080,15386,1666
2023,4081,10278,804
2023,4082,10354,3291
2023,4083,10322,979
2023,4084,13669,156
2023,4091,11681,628
2023,4092,11901,738
2023,4093,11837,274
2023,4095,16135,2472
2023,4099,12000,140
2023,4100,14375,764
2023,4104,16087,715
2023,4105,12753,108
2023,4106,12321,160
2023,4107,12354,253
2023,4110,13161,354
2023,4111,12890,416
2023,4112,12838,288
2023,4117,10760,305
2023,4120,10911,460
2023,4121,14535,606
2023,4122,10009,489
2023,4123,10360,1305
2023,4124,15615,580
2023,4125,15645,755
2023,4131,11886,1064
2023,4132,11913,380
2023,4134,12122,440
2023,4135,12047,688
2023,4136,12140,323
2023,4137,12783,175
2023,4138,12778,261
2023,4139,16625,1826
2023,4140,12454,693
2023,4141,13174,1812
2023,4142,13043,290
2023,4143,13042,422
2023,4144,13005,986
2023,4145,10562,509
2023,4146,10866,827
2023,4147,10301,428
2023,4161,12170,603
2023,4163,11953,1128
2023,4164,12114,353
2023,4165,12065,960
2023,4169,15389,852
2023,4170,15390,953
2023,4172,12357,277
2023,4173,12472,192
2023,4175,12509,342
2023,4176,12964,261
2023,4177,12980,438
2023,4181,10353,413
2023,4182,10359,316
2023,4183,10309,375
2023,4184,15388,729
2023,4185,16615,936
2023,4186,16626,752
2023,4191,11783,247
2023,4192,11790,503
2023,4193,11472,194
2023,4194,11566,517
2023,4195,12167,446
2023,4196,12252,620
2023,4197,11996,278
2023,4198,12235,374
2023,4199,12139,293
2023,4200,12179,843
2023,4201,12782,1658
2023,4202,12411,867
2023,4203,12367,1227
2023,4204,12561,1193
2023,4205,13113,725
2023,4206,12833,1340
2023,4207,13056,857
2023,4208,12949,1009
2023,4209,12996,1365
2023,4210,10579,814
2023,4221,11741,228
2023,4222,11764,428
2023,4223,11659,486
2023,4224,11875,306
2023,4226,11888,191
2023,4227,11910,200
2023,4228,11800,740
2023,4229,11464,349
2023,4230,11490,385
2023,4231,11564,299
2023,4232,12104,65
2023,4233,12638,132
2023,4234,15503,916
2023,4235,12358,319
2023,4236,12438,1633
2023,4237,12446,373
2023,4238,12851,251
2023,4239,12983,968
2023,4240,10468,770
2023,4251,12228,289
2023,4252,12643,752
2023,4253,12711,1249
2023,4254,12429,2503
2023,4255,12355,412
2023,4256,12468,331
2023,4257,12508,152
2023,4258,12911,1930
2023,4259,12967,280
2023,4260,10582,603
2023,4261,10462,667
2023,4262,10446,376
2023,4263,10310,741
2023,4264,10329,310
2023,4271,11738,1523
2023,4273,11845,272
2023,4274,11636,1225
2023,4275,12696,286
2023,4276,12677,1299
2023,4277,12328,271
2023,4279,12335,922
2023,4280,12494,2451
2023,4281,16126,485
2023,4282,12852,2190
2023,4283,12873,1105
2023,4284,10707,355
2023,4285,10590,1081
2023,4286,10850,434
2023,4287,10370,602
2023,4288,10338,62
2023,4289,14361,2445
2023,4303,11840,732
2023,4304,12210,830
2023,4305,15646,758
2023,4306,11999,146
2023,4307,12091,345
2023,4309,12672,945
2023,4310,12685,453
2023,4311,12694,386
2023,4312,12786,778
2023,4313,12775,704
2023,4314,12404,91
2023,4318,13040,460
2023,4319,12987,181
2023,4320,10541,363
2023,4324,16616,2069
2023,4401,15456,2440
2023,4406,15403,203
2023,4411,15402,1419
2023,4416,15406,420
2023,4421,15404,456
2023,4426,15409,363
2023,4431,15412,873
2023,4436,15411,2147
2023,4441,15413,403
2023,4446,15417,185
2023,4451,15397,502
2023,4461,15451,2666
2023,4471,15449,1396
2023,4476,15427,1025
2023,4486,15446,569
2023,4495,15466,232
2023,4501,15448,877
2023,4506,15450,912
2023,4511,15452,719
2023,4536,15468,656
2023,4545,15473,857
2023,4546,15467,647
2023,4551,15442,2219
2023,4561,15423,670
2023,4566,15458,4748
2023,4571,15457,1176
2023,4590,15469,302
2023,4591,15410,742
2023,4601,15447,396
2023,4606,15396,411
2023,4611,15429,465
2023,4616,15431,382
2023,4621,15430,454
2023,4641,15398,671
2023,4643,15425,545
2023,4646,15421,970
2023,4651,15401,83
2023,4656,15400,520
2023,4666,15445,962
2023,4671,15408,3244
2023,4681,15459,441
2023,4683,15460,548
2023,4691,15426,761
2023,4696,15394,1045
2023,4701,15432,417
2023,4711,15433,790
2023,4716,15434,332
2023,4721,15443,898
2023,4723,15470,272
2023,4724,15454,1076
2023,4726,15419,949
2023,4741,15435,409
2023,4746,15407,1274
2023,4751,15463,369
2023,4756,15415,277
2023,4761,15453,1727
2023,4776,15471,436
2023,4781,15441,1369
2023,4786,15462,632
2023,4791,15418,385
2023,4801,15399,381
2023,4806,15405,621
2023,4811,15464,355
2023,4816,15472,536
2023,4821,15455,578
2023,4826,15424,246
2023,4831,15416,829
2023,4841,15465,657
2023,4846,15414,172
2023,4851,15422,482
2023,4864,15395,1073
2023,4871,15440,557
2023,4881,15436,504
2023,4891,15461,1038
2023,4901,15438,460
2023,4911,15428,873
2023,4921,15444,756
2023,4941,15420,777
2023,4946,15437,2253
2023,4951,15439,809
2023,5001,11768,1160
2023,5002,16078,11610
2023,5003,14518,717
2023,5009,12665,251
2023,5010,12725,516
2023,5017,13012,714
2023,5048,14492,1948
2023,5049,14918,2111
2023,5050,15509,2052
2023,5061,11719,913
2023,5063,11872,181
2023,5064,11815,370
2023,5071,11579,265
2023,5072,15685,2922
2023,5073,12066,370
2023,5076,13153,213
2023,5077,13084,327
2023,5078,13099,279
2023,5079,13092,874
2023,5091,11673,1617
2023,5096,11832,587
2023,5097,11833,1514
2023,5108,12051,1706
2023,5112,16588,376
2023,5113,12828,2293
2023,5115,12807,1757
2023,5117,12393,519
2023,5118,12436,1884
2023,5120,12463,443
2023,5121,13135,535
2023,5125,12922,835
2023,5131,10558,686
2023,5136,15686,1255
2023,5138,16587,1451
2023,5141,11722,905
2023,5143,11757,224
2023,5144,11703,480
2023,5146,11684,269
2023,5148,11902,475
2023,5149,11770,355
2023,5151,14939,854
2023,5154,11806,285
2023,5160,11475,348
2023,5161,11492,421
2023,5162,11484,317
2023,5167,11404,471
2023,5171,11413,1094
2023,5176,11616,655
2023,5180,11570,394
2023,5181,11571,289
2023,5186,12042,129
2023,5187,12118,389
2023,5189,12623,353
2023,5192,15628,10499
2023,5193,12714,584
2023,5194,12765,397
2023,5196,12749,528
2023,5198,12388,369
2023,5199,12442,580
2023,5200,12420,224
2023,5203,12331,479
2023,5205,12531,321
2023,5206,12539,154
2023,5207,12564,430
2023,5208,12488,505
2023,5210,13116,260
2023,5212,13138,567
2023,5214,13073,438
2023,5216,13093,597
2023,5221,13059,385
2023,5225,10415,350
2023,5226,14938,3125
2023,5227,10880,876
2023,5230,10916,282
2023,5231,10943,420
2023,5233,10755,270
2023,5236,15512,1554
2023,5237,14519,927
2023,5238,15392,1830
2023,5239,16611,1590
2023,5240,16619,966
2023,5242,11707,675
2023,5249,14499,832
2023,5250,13251,861
2023,5251,11594,666
2023,5254,15630,3996
2023,5257,12329,1023
2023,5260,12544,674
2023,5263,12904,928
2023,5266,10381,1198
2023,5268,10930,690
2023,5269,14974,1152
2023,5281,11904,1904
2023,5287,16079,1643
2023,5304,11798,158
2023,5307,11402,295
2023,5309,11388,141
2023,5310,14919,1159
2023,5315,12814,130
2023,5317,14495,2314
2023,5323,14497,964
2023,5324,14940,843
2023,5396,15627,1282
2023,5397,14973,1473
2023,5398,15391,4142
2023,5399,16589,1867
2023,5401,14540,1344
2023,5402,14541,2147
2023,5403,14808,126
2023,5404,14793,259
2023,5405,14747,1307
2023,5406,14645,311
2023,5407,14625,903
2023,5408,14620,296
2023,5409,14663,3220
2023,5410,14670,1228
2023,5411,14669,1252
2023,5412,14616,124
2023,5413,14603,330
2023,5414,14914,896
2023,5415,14911,334
2023,5422,16600,808
2023,5423,14784,141
2023,5424,14763,100
2023,5425,14757,334
2023,5426,14764,192
2023,5427,14743,243
2023,5428,14730,479
2023,5429,14624,173
2023,5430,14631,133
2023,5431,14679,109
2023,5434,14615,368
2023,5435,14601,199
2023,5436,14586,137
2023,5437,14583,123
2023,5451,15487,914
2023,5456,14546,742
2023,5458,14749,340
2023,5464,15488,1409
2023,5471,14755,128
2023,5472,14766,118
2023,5473,14765,217
2023,5474,14651,123
2023,5475,14853,38
2023,5476,14814,81
2023,5477,14828,601
2023,5479,14830,135
2023,5480,14819,240
2023,5481,14854,64
2023,5482,14716,236
2023,5483,14746,98
2023,5484,14734,185
2023,5485,14736,113
2023,5486,14652,302
2023,5487,14547,109
2023,5488,14683,19
2023,5489,14676,185
2023,5490,14681,96
2023,5491,14686,178
2023,5492,14695,271
2023,5493,14668,111
2023,5495,14555,495
2023,5496,14556,423
2023,5497,14578,170
2023,5498,14657,511
2023,5499,14594,123
2023,5501,14900,297
2023,5503,14908,341
2023,5511,16613,320
2023,5512,14552,327
2023,5514,14771,273
2023,5515,14772,148
2023,5516,14825,562
2023,5518,14717,1033
2023,5520,14708,277
2023,5521,14702,206
2023,5522,14744,186
2023,5523,14748,591
2023,5527,14687,302
2023,5529,14562,150
2023,5530,14565,168
2023,5531,14557,116
2023,5533,14577,185
2023,5534,14619,69
2023,5535,14612,182
2023,5537,14887,281
2023,5539,14910,268
2023,5540,15489,452
2023,5541,15490,282
2023,5551,14777,154
2023,5552,14843,363
2023,5553,14848,231
2023,5554,14798,320
2023,5555,14804,139
2023,5556,14742,130
2023,5557,14751,62
2023,5559,14741,140
2023,5560,14732,92
2023,5561,14725,835
2023,5562,14633,94
2023,5563,14661,49
2023,5564,14617,34
2023,5565,14672,149
2023,5566,14572,201
2023,5568,14591,1350
2023,5571,15492,327
2023,5581,14760,797
2023,5582,14810,604
2023,5583,14832,1193
2023,5584,14701,1632
2023,5585,14644,462
2023,5586,14649,9079
2023,5587,14647,1579
2023,5588,14568,226
2023,5589,14575,807
2023,5590,14574,1922
2023,5591,14580,1621
2023,5592,14605,412
2023,5601,14806,432
2023,5604,14753,514
2023,5606,14640,1967
2023,5607,14573,575
2023,5609,14602,97
2023,5610,14588,137
2023,5611,14584,968
2023,5613,15493,1601
2023,5621,14781,133
2023,5622,14770,155
2023,5623,14844,238
2023,5624,15651,1155
2023,5627,14860,298
2023,5628,14815,101
2023,5629,14816,52
2023,5631,14824,194
2023,5632,14822,323
2023,5633,14718,593
2023,5634,15494,655
2023,5635,14721,1059
2023,5636,14703,532
2023,5637,14650,227
2023,5638,14622,596
2023,5639,14636,231
2023,5640,14637,201
2023,5642,14690,1354
2023,5643,14570,609
2023,5645,14606,133
2023,5646,14587,893
2023,5648,14590,677
2023,5649,14880,323
2023,5650,14874,51
2023,5651,14885,207
2023,5652,14882,148
2023,5653,14907,242
2023,5654,14901,158
2023,5655,14913,393
2023,5656,16612,1045
2023,5661,14767,108
2023,5663,14841,84
2023,5665,14856,74
2023,5669,14821,112
2023,5671,14715,91
2023,5673,14698,110
2023,5674,14623,51
2023,5675,16073,823
2023,5678,14685,923
2023,5680,14665,100
2023,5683,14571,63
2023,5684,14611,29
2023,5688,14898,44
2023,5690,14888,56
2023,5692,14909,183
2023,5693,15616,811
2023,5701,14779,54
2023,5702,15652,894
2023,5703,14788,432
2023,5704,14761,363
2023,5705,14776,267
2023,5706,14775,270
2023,5707,14859,343
2023,5708,14858,253
2023,5709,14809,318
2023,5710,14817,125
2023,5711,14799,861
2023,5712,14794,773
2023,5713,16609,669
2023,5714,14835,269
2023,5715,14711,248
2023,5716,14706,239
2023,5717,14750,914
2023,5718,14726,602
2023,5719,14731,389
2023,5720,14735,310
2023,5721,14733,1220
2023,5722,14728,98
2023,5723,14680,577
2023,5724,14659,1872
2023,5725,14582,850
2023,5726,14658,286
2023,5727,14613,993
2023,5728,14598,137
2023,5729,14897,501
2023,5730,14879,441
2023,5731,14639,482
2023,5732,14892,232
2023,5741,14653,94
2023,5742,14783,92
2023,5743,14778,184
2023,5744,14785,236
2023,5745,14787,258
2023,5746,14786,230
2023,5747,14773,69
2023,5748,14769,87
2023,5749,16074,945
2023,5750,14627,59
2023,5752,14831,119
2023,5754,14643,97
2023,5755,14621,127
2023,5756,14689,135
2023,5757,14673,1154
2023,5758,14655,63
2023,5759,14569,86
2023,5760,14553,142
2023,5761,14549,175
2023,5762,14595,42
2023,5763,14868,174
2023,5764,14866,829
2023,5765,14873,180
2023,5766,14903,150
2023,5785,14792,149
2023,5790,14545,170
2023,5792,14697,157
2023,5798,14607,117
2023,5799,15505,603
2023,5803,14902,173
2023,5804,15491,411
2023,5805,16617,1259
2023,5806,15687,754
2023,5812,14852,60
2023,5813,14807,245
2023,5816,14805,585
2023,5817,14729,297
2023,5819,14707,97
2023,5821,14682,114
2023,5822,14560,1603
2023,5827,14877,95
2023,5828,14881,47
2023,5830,14542,164
2023,5831,15496,914
2023,5841,14845,1459
2023,5842,14609,271
2023,5843,14618,644
2023,5851,14782,140
2023,5852,14837,114
2023,5853,14840,187
2023,5854,14842,113
2023,5855,14712,189
2023,5856,14704,202
2023,5857,14739,342
2023,5858,14638,156
2023,5859,14694,595
2023,5860,14558,358
2023,5861,14604,737
2023,5862,14894,59
2023,5863,14916,89
2023,5871,14654,544
2023,5872,14646,1221
2023,5873,14648,356
2023,5882,14846,853
2023,5883,14802,521
2023,5884,14833,578
2023,5885,14642,516
2023,5886,14550,3456
2023,5889,14656,1438
2023,5890,14872,1246
2023,5891,14876,189
2023,5892,16618,3335
2023,5902,14759,126
2023,5903,14756,83
2023,5904,14864,140
2023,5905,15506,174
2023,5907,14857,112
2023,5908,14862,57
2023,5909,14811,281
2023,5910,14836,141
2023,5911,14829,73
2023,5912,14820,48
2023,5913,15507,260
2023,5914,14699,105
2023,5919,14634,150
2023,5921,14678,86
2023,5922,14691,228
2023,5923,14666,66
2023,5924,14671,94
2023,5925,14563,72
2023,5926,14579,223
2023,5928,14544,63
2023,5929,14896,166
2023,5930,14899,61
2023,5931,14878,130
2023,5932,14870,65
2023,5933,14869,220
2023,5934,14871,72
2023,5935,14883,31
2023,5937,14906,44
2023,5938,15497,2964
2023,5939,14912,785
2023,6002,13228,1951
2023,6004,12132,233
2023,6007,15617,2775
2023,6008,13759,838
2023,6009,12984,350
2023,6010,10560,568
2023,6011,10159,71
2023,6021,11763,874
2023,6022,11418,1757
2023,6023,11635,3137
2023,6024,12518,4625
2023,6025,10923,1644
2023,6032,11846,162
2023,6033,12790,462
2023,6034,13134,1961
2023,6035,13002,395
2023,6037,16601,5783
2023,6052,11883,754
2023,6054,11892,202
2023,6056,14504,571
2023,6057,12018,584
2023,6058,12017,190
2023,6061,12609,200
2023,6076,14958,592
2023,6077,16075,1271
2023,6082,11666,2157
2023,6083,12255,1591
2023,6084,12298,1366
2023,6087,13032,809
2023,6089,10925,1239
2023,6090,15485,1229
2023,6101,11720,265
2023,6102,11730,322
2023,6104,12307,334
2023,6109,12656,110
2023,6110,15618,1488
2023,6111,12777,579
2023,6112,12464,157
2023,6113,13035,543
2023,6116,10938,286
2023,6117,14133,373
2023,6118,14959,821
2023,6119,15619,485
2023,6131,11850,411
2023,6133,12089,2445
2023,6134,12663,502
2023,6135,12767,1543
2023,6136,16602,2699
2023,6137,12756,1246
2023,6139,12917,1707
2023,6140,12871,880
2023,6141,13058,1814
2023,6142,10891,143
2023,6151,11415,991
2023,6152,11596,2022
2023,6153,12323,2694
2023,6154,13075,1178
2023,6155,12863,479
2023,6156,10897,2434
2023,6157,10933,1217
2023,6158,10078,912
2023,6159,10372,1048
2023,6172,11807,39
2023,6173,11808,321
2023,6177,12079,348
2023,6181,14468,616
2023,6191,11675,285
2023,6192,11818,225
2023,6193,11485,717
2023,6194,12151,330
2023,6195,11995,181
2023,6197,12686,199
2023,6198,12511,291
2023,6199,13162,527
2023,6201,10860,385
2023,6202,10337,461
2023,6203,14960,381
2023,6204,14961,458
2023,6205,15649,639
2023,6211,11598,341
2023,6212,12207,386
2023,6213,12256,411
2023,6214,12010,275
2023,6215,12741,420
2023,6217,15620,1059
2023,6218,13016,981
2023,6219,10917,499
2023,6220,10919,324
2023,6232,11396,1850
2023,6235,11610,274
2023,6238,12044,1054
2023,6239,12187,390
2023,6240,12797,1618
2023,6246,12857,717
2023,6248,13227,2908
2023,6252,14962,3362
2023,6253,16077,3676
2023,6254,16603,1442
2023,6261,11758,802
2023,6263,12094,1103
2023,6265,13061,3185
2023,6266,16076,5038
2023,6267,10907,312
2023,6281,11714,291
2023,6282,12150,107
2023,6283,12293,148
2023,6285,12040,759
2023,6286,12598,180
2023,6287,13180,196
2023,6288,14927,149
2023,6289,14928,224
2023,6290,14929,666
2023,6291,14930,387
2023,6292,10375,902
2023,6293,10573,361
2023,6294,10574,287
2023,6295,10555,264
2023,6296,10877,292
2023,6297,13226,954
2023,6298,10419,629
2023,6299,10330,237
2023,6300,10315,1517
2023,6404,16089,901
2023,6408,16091,922
2023,6413,16093,522
2023,6416,16094,1877
2023,6417,16121,2371
2023,6421,16095,4517
2023,6422,16096,103
2023,6423,16097,334
2023,6432,16099,283
2023,6433,16100,138
2023,6434,16101,111
2023,6435,16102,164
2023,6436,16605,2041
2023,6437,16104,334
2023,6451,16105,291
2023,6452,16106,436
2023,6453,16107,105
2023,6454,16108,391
2023,6455,16109,1009
2023,6456,16110,277
2023,6458,16604,5641
2023,6459,16112,663
2023,6461,16113,1061
2023,6487,16115,4023
2023,6504,16116,181
2023,6511,16117,252
2023,6512,16118,2786
2023,6601,11726,309
2023,6602,11776,674
2023,6603,11664,263
2023,6604,11665,406
2023,6605,11692,441
2023,6606,11880,722
2023,6607,11853,1642
2023,6608,11400,1130
2023,6609,11411,261
2023,6610,11387,215
2023,6611,11439,289
2023,6612,11431,1883
2023,6613,11535,830
2023,6614,11586,312
2023,6615,11595,407
2023,6616,11597,2190
2023,6617,11599,1071
2023,6618,11651,811
2023,6619,11569,541
2023,6620,11582,282
2023,6621,12099,7333
2023,6622,12097,831
2023,6623,12606,1161
2023,6624,11959,145
2023,6625,12296,356
2023,6626,12642,294
2023,6627,12575,202
2023,6628,12624,1963
2023,6629,12409,342
2023,6630,12430,1530
2023,6631,12484,1310
2023,6632,13155,366
2023,6633,13114,1849
2023,6634,13110,1071
2023,6635,13107,151
2023,6636,13094,364
2023,6637,12872,149
2023,6638,13051,698
2023,6639,10414,198
2023,6640,10569,1862
2023,6641,10896,644
2023,6642,10942,845
2023,6643,10918,2482
2023,6644,10921,1454
2023,6645,10902,2738
2023,6702,13273,361
2023,6703,13274,93
2023,6704,13275,154
2023,6706,13277,154
2023,6708,16127,942
2023,6709,13280,917
2023,6710,13281,649
2023,6711,13282,2438
2023,6712,13283,455
2023,6713,13284,57
2023,6715,13286,207
2023,6716,13680,52
2023,6718,13289,223
2023,6719,13290,176
2023,6721,13292,223
2023,6722,13293,111
2023,6724,13295,149
2023,6729,15624,2255
2023,6730,16119,1146
2023,6741,13299,130
2023,6742,13300,399
2023,6743,16624,461
2023,6745,13303,54
2023,6748,13306,219
2023,6750,13308,267
2023,6751,14967,265
2023,6753,14968,204
2023,6754,13312,572
2023,6757,14966,763
2023,6758,13316,115
2023,6759,13317,149
2023,6771,13318,660
2023,6773,13320,66
2023,6774,13321,549
2023,6775,13322,313
2023,6778,13325,284
2023,6781,13328,294
2023,6782,13329,385
2023,6783,13330,135
2023,6784,13331,794
2023,6785,13332,324
2023,6789,13336,196
2023,6790,15626,650
2023,6792,13339,204
2023,6800,13347,1686
2023,6806,13353,217
2023,6807,14970,564
2023,6808,14965,673
2023,6809,16120,560
2023,6810,14969,545
2023,6811,16627,175
